-- MySQL dump 10.13  Distrib 8.0.23, for Linux (x86_64)
--
-- Host: localhost    Database: Lostfilm
-- ------------------------------------------------------
-- Server version	8.0.23-0ubuntu0.20.10.1

/*!40101 SET @OLD_CHARACTER_SET_CLIENT=@@CHARACTER_SET_CLIENT */;
/*!40101 SET @OLD_CHARACTER_SET_RESULTS=@@CHARACTER_SET_RESULTS */;
/*!40101 SET @OLD_COLLATION_CONNECTION=@@COLLATION_CONNECTION */;
/*!50503 SET NAMES utf8mb4 */;
/*!40103 SET @OLD_TIME_ZONE=@@TIME_ZONE */;
/*!40103 SET TIME_ZONE='+00:00' */;
/*!40014 SET @OLD_UNIQUE_CHECKS=@@UNIQUE_CHECKS, UNIQUE_CHECKS=0 */;
/*!40014 SET @OLD_FOREIGN_KEY_CHECKS=@@FOREIGN_KEY_CHECKS, FOREIGN_KEY_CHECKS=0 */;
/*!40101 SET @OLD_SQL_MODE=@@SQL_MODE, SQL_MODE='NO_AUTO_VALUE_ON_ZERO' */;
/*!40111 SET @OLD_SQL_NOTES=@@SQL_NOTES, SQL_NOTES=0 */;

--
-- Table structure for table `gender`
--

DROP TABLE IF EXISTS `gender`;
/*!40101 SET @saved_cs_client     = @@character_set_client */;
/*!50503 SET character_set_client = utf8mb4 */;
CREATE TABLE `gender` (
  `id` int unsigned NOT NULL AUTO_INCREMENT COMMENT 'Идентификатор строки',
  `gender` varchar(25) DEFAULT NULL COMMENT 'Название пола',
  `created_at` datetime DEFAULT CURRENT_TIMESTAMP COMMENT 'Время создания строки',
  `updated_at` datetime DEFAULT CURRENT_TIMESTAMP ON UPDATE CURRENT_TIMESTAMP COMMENT 'Время обновления строки',
  PRIMARY KEY (`id`)
) ENGINE=InnoDB AUTO_INCREMENT=3 DEFAULT CHARSET=utf8mb4 COLLATE=utf8mb4_0900_ai_ci;
/*!40101 SET character_set_client = @saved_cs_client */;

--
-- Dumping data for table `gender`
--

LOCK TABLES `gender` WRITE;
/*!40000 ALTER TABLE `gender` DISABLE KEYS */;
INSERT INTO `gender` VALUES (1,NULL,'1971-04-26 15:20:44','2009-07-02 01:06:45'),(2,NULL,'2006-09-12 23:31:14','1999-07-28 19:08:45');
/*!40000 ALTER TABLE `gender` ENABLE KEYS */;
UNLOCK TABLES;

--
-- Table structure for table `media`
--

DROP TABLE IF EXISTS `media`;
/*!40101 SET @saved_cs_client     = @@character_set_client */;
/*!50503 SET character_set_client = utf8mb4 */;
CREATE TABLE `media` (
  `id` int unsigned NOT NULL AUTO_INCREMENT COMMENT 'Идентификатор строки',
  `user_id` int unsigned NOT NULL COMMENT 'Ссылка на пользователя, который загрузил видеофайл',
  `serial_id` int unsigned NOT NULL COMMENT 'Ссылка на видеофайл',
  `schedule_id` int unsigned NOT NULL COMMENT 'Ссылка описание видеофайла',
  `filename` varchar(255) CHARACTER SET utf8mb4 COLLATE utf8mb4_unicode_ci NOT NULL COMMENT 'Имя файлу',
  `size` int NOT NULL COMMENT 'Размер файла',
  `created_at` datetime DEFAULT CURRENT_TIMESTAMP COMMENT 'Время создания строки',
  `updated_at` datetime DEFAULT CURRENT_TIMESTAMP ON UPDATE CURRENT_TIMESTAMP COMMENT 'Время обновления строки',
  PRIMARY KEY (`id`),
  KEY `media_fk_serial_id` (`serial_id`),
  KEY `media_fk_schedule_id` (`schedule_id`),
  KEY `media_fk_user_id` (`user_id`),
  CONSTRAINT `media_fk_schedule_id` FOREIGN KEY (`schedule_id`) REFERENCES `schedule` (`id`),
  CONSTRAINT `media_fk_serial_id` FOREIGN KEY (`serial_id`) REFERENCES `serials` (`id`),
  CONSTRAINT `media_fk_user_id` FOREIGN KEY (`user_id`) REFERENCES `users` (`id`)
) ENGINE=InnoDB AUTO_INCREMENT=101 DEFAULT CHARSET=utf8mb4 COLLATE=utf8mb4_0900_ai_ci;
/*!40101 SET character_set_client = @saved_cs_client */;

--
-- Dumping data for table `media`
--

LOCK TABLES `media` WRITE;
/*!40000 ALTER TABLE `media` DISABLE KEYS */;
INSERT INTO `media` VALUES (1,1,1,1,'et',0,'2015-12-11 15:02:23','1983-04-14 06:52:31'),(2,2,2,2,'et',1,'1995-05-15 21:39:02','1971-02-11 08:00:40'),(3,3,3,3,'et',0,'1988-10-14 07:39:41','2002-06-11 04:29:18'),(4,4,4,4,'deserunt',10696,'2016-12-31 09:02:20','1998-05-25 01:39:12'),(5,5,5,5,'vel',9576918,'2007-06-23 03:06:48','1971-09-01 00:25:46'),(6,6,6,6,'minima',5036,'1998-02-17 16:52:58','1988-11-13 12:04:24'),(7,7,7,7,'ea',6,'1973-08-15 08:42:49','2018-11-21 11:51:51'),(8,8,8,8,'et',83,'1978-05-19 09:59:03','1992-04-06 07:06:37'),(9,9,9,9,'et',11297977,'2004-12-02 07:54:29','2006-09-12 02:02:59'),(10,10,10,10,'iste',50,'1975-08-12 20:09:57','1986-10-03 07:06:52'),(11,11,11,11,'minima',855116,'2010-07-17 11:01:05','2009-06-19 16:12:14'),(12,12,12,12,'error',246,'2007-08-25 13:47:23','1972-01-23 17:37:32'),(13,13,13,13,'provident',460,'1995-02-21 11:25:38','1993-10-15 05:16:53'),(14,14,14,14,'sequi',857062916,'1974-10-09 17:25:36','1999-06-04 17:51:50'),(15,15,15,15,'est',57997,'1994-01-01 14:35:30','1987-02-26 22:51:45'),(16,16,16,16,'esse',507,'2015-07-05 08:14:34','1994-09-21 10:31:59'),(17,17,17,17,'est',0,'2006-02-23 06:16:02','2005-09-01 03:08:17'),(18,18,18,18,'aut',261697,'1986-06-22 03:19:44','2006-02-21 00:39:46'),(19,19,19,19,'provident',601,'2006-11-19 06:24:59','1987-01-02 21:17:53'),(20,20,20,20,'provident',7,'1999-10-18 03:53:39','2018-04-27 22:54:05'),(21,21,21,21,'sit',0,'2008-08-23 19:20:22','1977-08-17 17:02:05'),(22,22,22,22,'ipsa',564404,'1992-11-21 12:15:06','1972-07-08 03:10:25'),(23,23,23,23,'nihil',677854585,'2017-09-12 18:49:08','1981-04-26 02:34:58'),(24,24,24,24,'cupiditate',641060629,'2020-05-13 11:44:45','2007-03-04 10:48:46'),(25,25,25,25,'deleniti',922562,'1985-09-03 12:57:43','1979-09-19 16:38:23'),(26,26,26,26,'consequuntur',51100,'1997-02-11 13:00:16','1986-06-11 14:51:58'),(27,27,27,27,'totam',0,'1976-03-15 14:00:49','2012-02-03 11:57:07'),(28,28,28,28,'dolores',26720851,'1973-05-13 03:06:19','1988-01-25 09:08:24'),(29,29,29,29,'fugiat',0,'1994-06-26 03:50:47','1999-01-19 05:04:21'),(30,30,30,30,'dolorem',0,'2001-01-20 09:09:02','1975-11-24 12:43:12'),(31,31,31,31,'est',3,'2011-08-18 09:17:31','1994-01-15 15:19:48'),(32,32,32,32,'illum',22,'1982-05-10 22:12:58','2013-02-11 00:10:18'),(33,33,33,33,'ratione',3273634,'1999-08-12 08:20:57','2005-09-18 00:20:26'),(34,34,34,34,'debitis',4331442,'1985-04-07 04:59:23','1998-05-31 01:49:12'),(35,35,35,35,'odit',480,'1988-11-20 03:43:11','2019-09-17 11:40:45'),(36,36,36,36,'reiciendis',6749,'1993-06-08 11:32:37','2007-12-05 11:56:12'),(37,37,37,37,'enim',18126629,'2020-03-25 12:07:12','2017-02-19 10:25:22'),(38,38,38,38,'dolores',0,'1974-10-25 01:35:28','2012-10-25 07:40:25'),(39,39,39,39,'ratione',0,'2010-10-11 19:08:33','2010-03-01 16:24:09'),(40,40,40,40,'eum',22835074,'1996-04-01 01:16:21','1986-12-19 13:26:54'),(41,41,41,41,'quia',27383,'1998-02-10 02:34:15','1978-10-11 07:44:50'),(42,42,42,42,'eos',0,'2002-12-10 16:01:45','1973-09-21 18:31:29'),(43,43,43,43,'minima',62708,'1986-11-05 04:09:00','1976-03-31 06:08:21'),(44,44,44,44,'sed',14240054,'1997-07-21 12:09:59','1978-04-25 04:38:41'),(45,45,45,45,'labore',42,'2016-12-20 21:38:36','1989-02-03 12:14:58'),(46,46,46,46,'repudiandae',603313,'1975-05-24 04:04:00','1984-09-11 01:40:11'),(47,47,47,47,'ipsum',0,'2016-03-17 01:05:16','2004-02-03 07:28:04'),(48,48,48,48,'magni',315025,'1999-09-08 01:42:04','2007-05-30 08:44:32'),(49,49,49,49,'impedit',26,'1991-06-26 23:49:33','1985-06-14 01:00:44'),(50,50,50,50,'et',32,'1982-12-15 14:25:24','1997-10-26 21:08:24'),(51,51,51,51,'omnis',5240549,'1972-04-19 19:47:00','1977-05-22 19:00:15'),(52,52,52,52,'sed',3,'1984-11-08 05:54:49','2012-11-15 00:46:14'),(53,53,53,53,'repellat',9443,'1981-07-06 12:55:23','2001-10-26 00:30:48'),(54,54,54,54,'minima',11068706,'1979-05-31 12:29:46','2008-05-04 05:38:04'),(55,55,55,55,'exercitationem',5812058,'1976-06-14 00:39:52','2009-11-16 20:56:40'),(56,56,56,56,'minima',0,'2000-05-06 20:33:47','2008-09-03 07:08:25'),(57,57,57,57,'omnis',59083,'2016-08-09 15:41:59','2020-12-05 17:05:59'),(58,58,58,58,'non',4082,'1976-12-22 09:58:46','1988-10-03 15:49:37'),(59,59,59,59,'ut',8026975,'1994-06-17 03:54:34','2002-10-20 23:51:00'),(60,60,60,60,'facere',5382130,'2001-01-22 13:12:25','2003-04-02 18:14:47'),(61,61,61,61,'sunt',879,'2007-06-06 23:31:40','1970-05-28 09:28:47'),(62,62,62,62,'vero',53626,'2019-06-26 00:57:10','1992-07-10 05:37:42'),(63,63,63,63,'enim',2,'1997-07-24 17:31:13','2017-06-29 15:02:26'),(64,64,64,64,'labore',0,'1977-04-19 04:33:54','1998-05-23 16:05:12'),(65,65,65,65,'perspiciatis',215222985,'1971-12-25 02:15:10','1978-06-25 04:52:47'),(66,66,66,66,'nesciunt',46241014,'1975-04-19 08:42:59','2017-07-21 14:39:26'),(67,67,67,67,'ullam',374536,'1982-10-10 08:53:57','1981-03-12 20:15:43'),(68,68,68,68,'enim',2450273,'2013-09-06 14:21:36','2016-09-26 18:38:51'),(69,69,69,69,'possimus',86,'2013-08-17 03:43:02','2012-01-05 23:43:19'),(70,70,70,70,'quas',7,'1986-10-08 08:00:23','1973-03-20 06:45:33'),(71,71,71,71,'nisi',98,'1980-04-26 22:30:46','1974-08-21 00:35:42'),(72,72,72,72,'eos',0,'1972-11-07 10:56:23','2012-12-20 20:31:53'),(73,73,73,73,'doloribus',5944,'2006-09-10 00:34:38','1975-06-28 09:21:42'),(74,74,74,74,'natus',5,'1982-04-04 04:18:01','1998-04-06 16:21:11'),(75,75,75,75,'voluptatem',67550450,'2013-07-03 15:53:12','2017-08-01 07:37:16'),(76,76,76,76,'possimus',375465,'1974-06-21 21:35:34','1973-07-25 22:00:49'),(77,77,77,77,'voluptatum',85107,'1983-12-07 07:36:31','2010-11-16 00:42:54'),(78,78,78,78,'deleniti',166509,'2010-10-07 15:08:08','2014-10-22 13:41:03'),(79,79,79,79,'quia',7,'1985-01-16 20:56:23','1981-11-05 00:41:52'),(80,80,80,80,'voluptas',897,'2002-07-18 14:24:04','1990-04-07 22:15:45'),(81,81,81,81,'enim',0,'2020-04-05 11:46:50','2010-06-26 17:03:05'),(82,82,82,82,'amet',1809799,'2019-01-10 00:57:04','1976-12-04 19:24:50'),(83,83,83,83,'labore',53843,'1998-03-08 11:39:04','1990-08-05 17:55:57'),(84,84,84,84,'molestias',112169872,'1987-03-02 18:44:25','2015-11-25 06:58:01'),(85,85,85,85,'natus',93948,'2005-09-19 12:52:33','1988-08-05 10:33:03'),(86,86,86,86,'ut',251500,'1988-04-10 15:21:34','2016-11-03 08:40:55'),(87,87,87,87,'voluptatem',68460367,'1976-02-24 13:15:27','1978-11-17 11:12:07'),(88,88,88,88,'perferendis',705385,'1991-07-30 12:29:47','1996-07-16 21:23:03'),(89,89,89,89,'est',66,'1992-10-05 04:20:52','1982-03-13 01:10:43'),(90,90,90,90,'harum',664,'1972-12-10 08:16:43','2011-10-07 15:44:48'),(91,91,91,91,'accusamus',17344542,'1990-12-17 16:47:58','1998-05-05 14:03:36'),(92,92,92,92,'sunt',3464,'2005-11-28 15:26:33','1979-10-25 01:04:57'),(93,93,93,93,'sunt',8814992,'1975-11-13 17:16:29','1979-10-17 18:43:24'),(94,94,94,94,'iure',285018,'2006-04-08 03:27:11','2018-07-31 23:51:41'),(95,95,95,95,'quasi',5,'1982-02-18 10:29:48','1978-06-07 00:22:29'),(96,96,96,96,'nesciunt',83733,'1998-02-10 04:19:29','1986-02-28 08:46:58'),(97,97,97,97,'asperiores',7,'2005-06-07 17:17:07','1977-03-08 14:15:13'),(98,98,98,98,'recusandae',572959116,'2017-08-15 09:16:43','1977-03-28 09:48:45'),(99,99,99,99,'eaque',6256433,'1998-01-30 13:32:48','2002-10-31 21:21:23'),(100,100,100,100,'ut',30799610,'1973-06-24 02:51:46','1983-01-31 08:29:36');
/*!40000 ALTER TABLE `media` ENABLE KEYS */;
UNLOCK TABLES;

--
-- Table structure for table `messages`
--

DROP TABLE IF EXISTS `messages`;
/*!40101 SET @saved_cs_client     = @@character_set_client */;
/*!50503 SET character_set_client = utf8mb4 */;
CREATE TABLE `messages` (
  `id` int unsigned NOT NULL AUTO_INCREMENT COMMENT 'Идентификатор строки',
  `from_user_id` int unsigned NOT NULL COMMENT 'Ссылка на отправителя сообщения',
  `to_user_id` int unsigned NOT NULL COMMENT 'Ссылка на получателя сообщения',
  `body` text CHARACTER SET utf8mb4 COLLATE utf8mb4_unicode_ci NOT NULL COMMENT 'Текст сообщения',
  `is_delivered` tinyint(1) DEFAULT NULL COMMENT 'Признак доставки',
  `is_read` tinyint(1) DEFAULT NULL COMMENT 'Признак прочтения',
  `created_at` datetime DEFAULT CURRENT_TIMESTAMP COMMENT 'Время создания строки',
  `updated_at` datetime DEFAULT CURRENT_TIMESTAMP ON UPDATE CURRENT_TIMESTAMP COMMENT 'Время обновления строки',
  PRIMARY KEY (`id`),
  KEY `messages_fk_from_user_id` (`from_user_id`),
  KEY `messages_fk_to_user_id` (`to_user_id`),
  CONSTRAINT `messages_fk_from_user_id` FOREIGN KEY (`from_user_id`) REFERENCES `users` (`id`),
  CONSTRAINT `messages_fk_to_user_id` FOREIGN KEY (`to_user_id`) REFERENCES `users` (`id`)
) ENGINE=InnoDB AUTO_INCREMENT=101 DEFAULT CHARSET=utf8mb4 COLLATE=utf8mb4_0900_ai_ci;
/*!40101 SET character_set_client = @saved_cs_client */;

--
-- Dumping data for table `messages`
--

LOCK TABLES `messages` WRITE;
/*!40000 ALTER TABLE `messages` DISABLE KEYS */;
INSERT INTO `messages` VALUES (1,1,1,'Maxime iusto facere omnis commodi. Optio dolore placeat iste velit tempora dolores. Aut nemo quis architecto eaque aliquam. Qui magnam quia quia et accusantium voluptatem.',1,1,'1985-09-01 10:36:47','1996-04-29 22:02:08'),(2,2,2,'Qui quasi neque ut consequatur exercitationem nemo hic. Debitis blanditiis commodi iure blanditiis eveniet neque alias. Est molestiae repellendus unde minus aliquid et quis. Excepturi in qui qui.',1,0,'2012-09-10 12:14:42','2017-12-31 11:57:19'),(3,3,3,'Qui sint quis et. Culpa qui dolores temporibus.',0,1,'2013-11-20 03:44:14','2019-12-04 12:29:15'),(4,4,4,'Aut voluptatibus ut sit autem. Ut enim qui nam atque non minus ea magni. Laborum delectus omnis sapiente ab distinctio ut. Non qui impedit rerum perspiciatis id quod sit. Et odio tempora dicta minima explicabo.',0,0,'1982-10-22 12:03:26','2006-07-12 13:50:21'),(5,5,5,'Ad totam sit totam molestiae in. Nisi autem consequuntur beatae aut inventore temporibus ipsam. Quasi sequi iusto vero commodi.',0,0,'1994-09-15 19:53:46','1974-04-20 04:36:36'),(6,6,6,'Assumenda laudantium qui laudantium. Nisi rerum facilis perspiciatis. Aut architecto facilis sunt aliquam ratione explicabo modi maiores. Nam eligendi cupiditate aut nobis unde aut. Molestias tempore exercitationem iste nulla ut.',1,0,'1980-05-15 10:57:39','2008-03-18 10:30:56'),(7,7,7,'Autem assumenda quibusdam sit cumque velit nostrum dolorum. Ut ut magnam porro quo praesentium modi dolorem. Iure error id consequuntur fugiat. Placeat est dolores provident aspernatur tempore quos nobis.',0,0,'1994-11-05 17:23:10','1976-01-12 03:52:20'),(8,8,8,'Non vitae nihil laudantium ut fuga. Nisi tenetur aliquam molestiae exercitationem ipsam expedita. Porro facere sit aut.',1,0,'1993-11-21 03:30:33','1987-07-15 23:55:54'),(9,9,9,'Provident aut ut quia quaerat et et. Doloremque dignissimos modi ratione dicta quo commodi. Repudiandae sequi eaque ut et.',0,0,'1978-10-18 15:50:47','1992-11-06 04:11:30'),(10,10,10,'Reiciendis in aut consectetur. Doloribus harum id nobis quia iure. Iure ducimus ea nemo autem.',0,0,'2008-11-26 08:24:45','1999-07-01 22:35:23'),(11,11,11,'Nisi adipisci deserunt voluptas magnam consequuntur cupiditate. Saepe mollitia corrupti reiciendis et minima. Voluptatum nisi accusamus totam.',0,1,'2009-10-09 12:52:05','2011-03-25 02:29:59'),(12,12,12,'Necessitatibus molestiae enim a similique necessitatibus. Sapiente consequatur nemo pariatur aliquam aut. Qui est ipsa necessitatibus repellat. Placeat repellat nisi et ducimus magni a laborum.',1,0,'1994-09-24 15:37:54','2011-12-20 12:16:44'),(13,13,13,'Ea voluptas est eos omnis ut ut et. Rerum pariatur sequi voluptate laboriosam rerum. Placeat voluptates animi officiis atque voluptatum aperiam.',1,0,'1994-08-03 10:23:49','2008-03-08 07:04:19'),(14,14,14,'Totam porro ducimus perspiciatis quo facilis repudiandae quo. Accusantium ducimus voluptas odit maiores. Ut a modi ut dolores ad ullam quo voluptatibus.',0,0,'1998-08-18 21:41:07','2002-04-07 04:51:06'),(15,15,15,'Esse autem aliquam dignissimos natus sed. Sed nihil fugit repellat necessitatibus tempore tempore. Accusantium voluptates hic quae neque consequatur dolorem. Dolores reiciendis voluptatem quos sint maiores perferendis aspernatur.',0,1,'1983-09-19 05:19:32','1978-09-18 10:34:34'),(16,16,16,'Necessitatibus nulla voluptas ut quibusdam provident et. Vitae aliquam earum ex qui repellat. Atque sint commodi tempora id quos et nulla. Numquam reprehenderit voluptatem libero qui. Voluptatibus rerum et atque rerum sunt quo excepturi.',1,0,'1992-02-22 16:07:18','1989-04-25 23:31:46'),(17,17,17,'Iusto libero aperiam dolor aspernatur eos ipsa. Quod vitae dolore aliquid error.',0,0,'1979-01-21 16:17:45','1991-05-23 13:58:57'),(18,18,18,'Nisi tenetur quidem ratione illum et molestiae. Sunt sit ut temporibus odio aut dolorem. Saepe molestiae aspernatur ad tempore. Rerum culpa consectetur dolor aspernatur consectetur et voluptatem. Quo nisi fugit eos incidunt aperiam veritatis.',0,1,'1970-01-21 20:56:13','1992-10-11 01:22:54'),(19,19,19,'Earum ut et esse ea beatae. Aut et dolorum omnis praesentium. Culpa omnis sunt occaecati nihil voluptatem voluptate eum. Dolor aut occaecati quas.',1,1,'2007-12-01 06:02:31','2000-07-01 01:20:07'),(20,20,20,'Sequi quidem qui distinctio eius a ea iure quia. Dicta aperiam omnis blanditiis est reprehenderit. Non est commodi perspiciatis aut molestiae. Est sunt repellendus voluptatem enim natus itaque rerum. Voluptatem quas harum dolores dignissimos in in aut enim.',0,1,'1980-03-03 05:21:24','1992-04-06 18:11:58'),(21,21,21,'Omnis nemo sed at omnis quae facere consectetur ut. Molestiae est et sed vitae.',0,1,'1986-04-16 20:58:17','1980-03-05 06:10:07'),(22,22,22,'Placeat quaerat sunt quis occaecati id eum excepturi. Laborum eligendi maiores consequatur nemo optio non reprehenderit. Voluptatem inventore harum quas omnis eligendi. Iusto harum quibusdam iure quisquam quos qui quaerat.',0,0,'1997-11-02 18:50:07','1998-03-02 16:49:28'),(23,23,23,'Cupiditate ut rerum sapiente et qui nesciunt. Maiores facere modi optio aperiam et. Quo nihil autem ipsam unde ducimus velit quo. Voluptates ea aspernatur est ut vel.',0,1,'1993-06-06 01:14:41','1985-08-03 00:26:14'),(24,24,24,'Ipsa in unde dolorem et illum. Autem porro aut sequi rem. Id quam consequatur molestiae eos itaque. Inventore accusantium sunt et asperiores numquam excepturi.',1,1,'1980-12-02 00:04:22','1975-10-28 15:40:29'),(25,25,25,'Perferendis dolorem illum quas magnam quos. Quis velit et tenetur suscipit cumque. Velit velit consequuntur et nemo deserunt corrupti.',1,0,'2018-01-26 07:01:21','1978-02-08 06:26:43'),(26,26,26,'Inventore quia qui natus debitis consectetur ratione et et. Fugit non tempora ut laboriosam.',1,1,'1986-06-02 05:02:37','2011-04-03 08:25:57'),(27,27,27,'Laudantium ut distinctio eaque et ullam. Molestiae numquam in et. Maiores velit atque similique provident voluptate quia assumenda quasi.',1,0,'2016-06-18 03:21:42','1997-07-10 15:13:55'),(28,28,28,'Voluptates dolor temporibus omnis excepturi qui dolor magni. At autem sint ex maiores. Itaque in qui voluptatem. Minus maxime consequatur quia harum aut. Est vel quos aut omnis.',1,1,'1987-06-30 16:41:35','2017-01-07 00:40:13'),(29,29,29,'Eius et officiis et modi eligendi. Eos perferendis aperiam quos quibusdam iure. Soluta beatae recusandae et quo occaecati iure. Voluptates voluptates tempora earum ut.',0,0,'2010-11-22 19:04:53','1991-03-21 10:41:19'),(30,30,30,'Eum aspernatur quia laborum delectus beatae. Quia voluptatem placeat omnis voluptate natus. Quo repellendus quasi vero voluptas inventore cum. Et libero quibusdam deleniti optio.',0,0,'1979-07-20 05:20:43','1979-10-04 16:55:41'),(31,31,31,'In error veniam accusantium perferendis ut modi. Possimus nihil aut libero magnam debitis sit quia. Rerum reiciendis quasi consequuntur. Eos ullam fugit modi.',0,0,'2011-04-26 23:36:32','1992-04-05 06:37:10'),(32,32,32,'Veniam cupiditate nesciunt veritatis vel sint sunt aut non. Soluta voluptatibus labore incidunt quia vel nisi dolore. Dignissimos modi sed assumenda nam odit. Ut magnam deleniti qui.',0,0,'2016-01-13 05:01:59','2000-12-31 13:36:06'),(33,33,33,'Dignissimos ut et quidem. Saepe beatae ea necessitatibus alias. Et dolores ab aliquid nostrum temporibus vero error. Nostrum eum nostrum corrupti accusantium.',0,1,'1980-08-21 10:35:46','1984-12-12 07:07:05'),(34,34,34,'Quas fuga expedita nemo expedita quam. Voluptatum aut sit tenetur est fugiat. Ut officia enim corrupti odit perspiciatis optio quis.',0,0,'1988-03-27 09:01:14','2019-10-29 11:25:55'),(35,35,35,'Ut nobis et quo commodi. Accusantium vel minus repudiandae eos. Impedit beatae vel modi deleniti et optio illo. Deleniti assumenda quis quidem porro maxime et impedit. Nam voluptates asperiores optio quibusdam eligendi modi aperiam.',0,1,'2002-11-06 21:09:42','1975-11-08 23:00:10'),(36,36,36,'Iure asperiores quo minima in aliquid. Suscipit ad necessitatibus et exercitationem minus a ullam. Aperiam provident doloribus deleniti adipisci consequuntur consectetur in. Velit tempore asperiores ut ut qui est.',1,1,'1984-04-25 05:26:13','1995-01-25 04:00:28'),(37,37,37,'Autem provident eum dolorem magnam ipsa. Rerum saepe animi consectetur quis dolore at et. Alias architecto ea suscipit aliquid explicabo eum consequuntur. Quod vitae vel repudiandae soluta quasi hic.',1,0,'1986-06-26 00:57:40','1998-01-09 15:30:03'),(38,38,38,'Vero enim voluptas aut voluptatem. Praesentium assumenda et quo quis ea. Ut aperiam et nihil itaque et.',0,1,'2009-03-07 15:14:29','1987-07-24 07:12:19'),(39,39,39,'Similique eos vel quam suscipit provident voluptatem. Quasi aperiam fugit et ipsam. In doloremque vel possimus quod.',1,0,'1981-10-19 10:33:56','1975-04-25 02:53:23'),(40,40,40,'Nisi quod quo velit inventore eius. Dolorem aut explicabo iure tenetur quo qui illo. Ratione vel at nostrum quaerat magni in est.',1,0,'1994-11-11 04:53:19','1979-04-02 17:30:32'),(41,41,41,'Doloribus iusto ea commodi debitis quod. Sint quo deleniti id quos nihil vero. Praesentium quidem et atque. Sapiente asperiores molestiae sed sed.',1,0,'2009-06-29 21:35:30','1971-04-07 12:21:07'),(42,42,42,'Ullam odit quisquam ab dignissimos necessitatibus fugiat. Beatae blanditiis iure id qui rem. Tempora animi explicabo et excepturi repellendus nulla occaecati.',0,0,'2004-04-13 18:35:20','1977-09-18 09:13:58'),(43,43,43,'Sapiente quo tenetur rerum error voluptates consequuntur amet. Nam recusandae illo voluptatem velit. Minus et corporis nihil nam mollitia. Sapiente expedita consequatur voluptatem quaerat vero ea.',0,0,'1980-07-24 07:22:34','1983-09-13 10:25:53'),(44,44,44,'Dolores ut natus adipisci occaecati voluptatem quia. Id velit mollitia enim consectetur reiciendis numquam.',1,0,'1974-02-04 07:36:19','1981-08-19 19:40:39'),(45,45,45,'Numquam eaque fugiat maxime non. Explicabo quaerat sit unde aspernatur vel. Incidunt iure doloremque repudiandae dicta fugiat.',0,0,'2016-09-29 13:21:31','1989-01-03 21:31:57'),(46,46,46,'Ab delectus beatae dolor corporis distinctio. Nulla quaerat autem voluptas. Cumque aperiam aut repudiandae libero vitae dignissimos. Molestiae eaque quis ut ab. Et qui est consectetur quis dicta.',0,0,'2006-09-01 22:22:31','2014-06-10 22:52:48'),(47,47,47,'Totam cumque voluptatem ea ullam quam et eius. Voluptas eum debitis est deleniti necessitatibus.',1,0,'1983-11-07 11:19:23','1998-01-01 08:06:00'),(48,48,48,'Repellendus voluptates praesentium voluptas facilis soluta. Reiciendis qui fugiat ipsa maiores enim ipsam ab. Nihil fuga inventore quia debitis consequatur velit cum. Repellat adipisci aut ab eum quaerat in deserunt laborum.',0,1,'1971-06-14 20:38:43','2014-11-29 16:04:54'),(49,49,49,'Molestias ducimus quo voluptas fuga consequuntur nihil aspernatur. Porro rem nulla quia. Ab quia est minima minus.',0,1,'1973-04-28 10:09:38','1993-12-01 06:14:15'),(50,50,50,'Error eos voluptas est nulla sed. Ratione id voluptatem autem. Quaerat soluta labore provident rerum. Et quos velit autem.',1,0,'2018-01-03 21:15:08','1983-07-16 00:14:31'),(51,51,51,'Corrupti at delectus aut dolorum praesentium. Nihil ut quos nobis in necessitatibus. Aut dolores deserunt voluptatem quos quia. Tempore ut ea asperiores ut sed officiis.',0,1,'1988-12-12 19:25:26','2020-12-01 04:56:57'),(52,52,52,'Quam ea error perspiciatis quidem voluptates rerum est illum. Et enim et velit et vero. Reprehenderit mollitia omnis nihil amet officia velit praesentium. Qui et adipisci dolorem magni.',0,0,'1979-05-29 23:16:00','1974-09-04 14:50:07'),(53,53,53,'Recusandae nemo aut dolorem molestiae unde eos. Corporis sapiente sit enim corrupti at porro rerum. Vitae odio illo sapiente similique molestias eius. Adipisci eos corrupti rerum vitae fuga illo sed.',1,0,'1988-11-04 20:56:08','1990-07-19 11:51:17'),(54,54,54,'Non dicta deserunt deserunt. Porro dignissimos voluptate voluptate non consequuntur. Voluptatem quis quidem iure aut nulla quia. Mollitia ut nisi nihil ratione rerum quo voluptas. Modi sed assumenda eos et qui.',1,1,'1977-10-29 12:31:33','1989-10-17 04:49:35'),(55,55,55,'Eligendi eos et aspernatur sint dignissimos. Labore in quo qui aut quia nobis. Optio ipsum saepe esse temporibus inventore molestiae quo. Exercitationem natus sapiente sint aut quam.',0,1,'2015-12-25 16:37:34','2018-07-29 11:56:44'),(56,56,56,'Iure nesciunt ipsam sed commodi nobis officia nesciunt. Vel qui quisquam omnis asperiores quis. Quos id culpa esse incidunt.',1,1,'1974-02-09 17:21:48','2010-05-13 14:11:09'),(57,57,57,'Quaerat eos eveniet vero voluptatem quo. Soluta voluptatem aut in blanditiis sit voluptatem dolorem. Quae modi cupiditate doloribus harum facilis laborum. Ut est reprehenderit vel dicta cupiditate.',0,1,'2011-09-20 09:32:21','1998-02-27 01:28:43'),(58,58,58,'Nostrum quia enim illo quae facere eos deserunt nulla. Omnis ut accusantium nulla sequi officia porro. Facilis debitis porro soluta voluptatum sint laudantium. Aut magni accusamus dolor dolores. Corrupti esse ut et voluptate quae.',1,0,'2015-03-11 06:09:32','1997-01-08 00:09:57'),(59,59,59,'Voluptas quo vitae aliquid iure. Fuga natus sunt vitae rem ratione voluptatem. Tempora ea doloremque pariatur totam enim.',1,1,'1984-07-07 21:53:46','1991-07-10 23:35:21'),(60,60,60,'Ut et illo fuga dignissimos quis nihil voluptate. Voluptates omnis ut eos qui laborum qui assumenda. Non commodi voluptatem qui deleniti.',0,0,'1987-09-03 12:55:53','2013-11-07 00:20:21'),(61,61,61,'Rem praesentium aspernatur dignissimos omnis asperiores dolore qui. Recusandae rem quaerat quisquam quia eveniet qui. Et animi accusantium dolores veniam eum in. Veritatis debitis molestiae non consectetur et.',1,0,'1992-09-25 04:13:14','1977-08-05 20:06:27'),(62,62,62,'Aliquid voluptas enim dolores dolor ipsa vitae. Nostrum distinctio ad officia ut ut mollitia et. Ratione dolores in neque est sequi velit.',0,0,'2005-03-09 04:45:19','1980-05-21 16:39:00'),(63,63,63,'Voluptatem illo aliquid temporibus quod quia animi quis. Molestiae debitis sint ut harum quia vitae quae. Occaecati cum non quasi non nihil quo qui. Minus quia dolorem velit quae qui.',1,1,'1970-12-09 11:24:05','1987-03-07 16:33:06'),(64,64,64,'Ea id error temporibus voluptate tenetur. Architecto consequatur cupiditate occaecati assumenda repellat veritatis occaecati consectetur. Facilis blanditiis temporibus ea recusandae neque rerum id odit. Quos exercitationem porro voluptatem sunt qui.',1,1,'2020-04-09 05:48:20','1975-01-17 04:14:00'),(65,65,65,'Qui rerum voluptas reprehenderit aut quibusdam fuga itaque. Dolore incidunt officia velit occaecati sint.',0,0,'1998-06-09 16:54:48','1980-03-28 13:16:27'),(66,66,66,'Dolores dolor numquam autem reprehenderit nemo. Asperiores consectetur est animi nisi possimus.',0,0,'2019-05-18 03:46:30','1970-08-14 12:55:51'),(67,67,67,'Dolore atque recusandae facere ipsum quia rerum. Voluptas sit fugit ea aut occaecati. Inventore corrupti nihil unde ut. Et qui enim voluptatibus et eveniet aliquid et.',1,1,'1992-01-17 06:45:39','1984-04-10 07:24:10'),(68,68,68,'Sint aut asperiores vel saepe porro et. Fugit exercitationem repudiandae dolores et. Culpa quia tempore nisi debitis aliquam omnis.',0,1,'1982-03-22 04:17:38','1984-12-25 04:47:52'),(69,69,69,'Quia vitae quam ut. Quis non dolorum qui. Deleniti occaecati rem unde. Non dignissimos praesentium qui.',0,0,'1976-08-09 21:40:16','1971-09-05 18:41:58'),(70,70,70,'Temporibus et reprehenderit porro et qui a perferendis. Fuga sit corporis illum facilis. Aut voluptas asperiores et voluptatum similique est libero qui. Rem ullam velit quas eum mollitia ut est hic.',0,1,'1995-06-07 21:40:46','1974-03-02 15:09:24'),(71,71,71,'Rerum voluptatum reprehenderit dolor ea. Dolorum quidem qui nihil tenetur repellendus soluta repudiandae. Eveniet inventore quas et dignissimos velit impedit numquam.',1,1,'2017-04-19 18:34:10','2016-01-01 20:11:49'),(72,72,72,'Tempora nemo est nihil alias debitis et. A corrupti repellat officiis sed neque delectus. Reiciendis enim autem odit nulla sed nemo. Minima tempora aut molestiae odit.',1,0,'2001-04-06 07:34:44','2013-06-05 18:02:01'),(73,73,73,'Nulla debitis possimus accusantium atque eligendi nam. Similique quas culpa animi aut perspiciatis ex vel. Dignissimos non et sit dolorem aut. Officiis tempora rem quos est commodi porro dolore.',0,1,'2004-09-27 19:17:03','2011-07-23 09:24:29'),(74,74,74,'Minima commodi repudiandae dicta dolores non soluta ut quae. Exercitationem ea explicabo iusto deserunt vero quis magni sed.',0,0,'1996-07-08 22:13:43','1978-10-06 18:39:20'),(75,75,75,'Sed quidem illum recusandae et. Et recusandae quia necessitatibus eos aliquam vero. Id earum natus magnam.',0,1,'2020-12-02 08:07:50','2017-11-23 13:33:51'),(76,76,76,'Voluptates voluptas omnis quidem sit. Officia ea sit mollitia dolores reiciendis cumque.',1,1,'1981-09-25 09:40:53','2017-01-03 18:23:08'),(77,77,77,'Velit aliquam at occaecati quae. Saepe officiis et odit est suscipit ab voluptatem soluta. Quia ratione voluptate aut molestias earum.',1,0,'1995-07-17 16:58:05','2000-04-28 11:26:36'),(78,78,78,'Itaque temporibus dolore quas totam. Sit aut accusantium numquam aliquam consequatur rerum rerum pariatur. Omnis non sint aliquam et ipsa. Atque debitis qui qui et quam alias.',1,0,'1986-07-19 06:00:20','2014-10-30 21:04:33'),(79,79,79,'Dolorem adipisci et voluptatum sequi alias. Rerum iste temporibus qui culpa officia aut. Incidunt voluptas et minima voluptatem quibusdam natus iure. Quod quo beatae eveniet voluptatibus.',1,0,'1991-05-17 14:30:39','2010-11-08 06:21:49'),(80,80,80,'Provident enim voluptatem reiciendis at omnis id recusandae. Aperiam sequi ratione aut nulla et qui adipisci. Voluptatem et totam nulla quidem beatae. Fuga placeat aut eveniet nisi.',0,1,'2012-06-19 20:53:40','1970-08-28 02:35:14'),(81,81,81,'Velit voluptate architecto ea et adipisci quas voluptas. Magni laboriosam ex molestiae eius magni blanditiis. Error reiciendis molestiae amet ipsa veniam magnam. Alias ad animi sed iure et voluptatibus.',1,1,'1978-04-03 08:38:59','2016-01-07 18:55:23'),(82,82,82,'Dolor molestias officia quis ex quis est. Ipsa dignissimos ut qui odit minus similique. Quisquam quo aut expedita et vitae. Voluptatibus nemo recusandae officia placeat voluptates.',0,1,'2004-10-15 06:11:57','2014-06-24 15:25:34'),(83,83,83,'Minus voluptatibus dignissimos repudiandae autem voluptatem eligendi vitae. Nihil dolorem mollitia fuga tempora quia quas numquam. Non in veniam placeat occaecati. Dolor quasi velit aliquam rerum earum dolorem quibusdam.',1,0,'1976-10-12 00:52:20','1982-03-07 10:54:14'),(84,84,84,'Maxime nobis ratione ut et aut fugiat voluptate. Exercitationem veniam dolorem ut explicabo optio tenetur id. Necessitatibus consequatur error velit neque quos ut.',1,0,'2021-02-10 08:54:36','2001-01-02 20:48:03'),(85,85,85,'Quae cupiditate sunt laboriosam eligendi mollitia aliquid veritatis. Voluptatem excepturi minima et quo cupiditate qui. Debitis voluptatem asperiores consequatur quibusdam. Consequatur nulla voluptas voluptatem laboriosam et est quas.',1,1,'1996-01-05 23:00:24','1975-06-27 01:32:39'),(86,86,86,'Quos voluptatem et nemo dicta nesciunt autem voluptas. Voluptatibus dolores voluptas suscipit corrupti voluptatibus dolore. Praesentium ut iste quia aut quo. Tenetur alias ea voluptatem excepturi.',0,1,'1976-04-26 09:47:26','1978-04-02 14:02:59'),(87,87,87,'Quia est voluptates cumque vel omnis. Sequi officiis error possimus ut. Deleniti dolorem voluptatem fugit perferendis. Esse animi nemo adipisci sit ratione ipsum.',0,1,'1978-07-06 13:37:28','2000-03-30 01:51:12'),(88,88,88,'Corporis maiores suscipit voluptas porro est a. Ut sit enim fuga nemo eos voluptatem dolor. Accusantium velit maxime sit iusto. Occaecati ut saepe temporibus consectetur maiores velit.',0,0,'2011-08-12 19:59:52','2012-10-22 05:15:40'),(89,89,89,'Quos porro in libero ut et. Sed hic cupiditate cumque maxime aliquam.',1,0,'2014-10-22 14:00:53','2007-09-12 22:09:40'),(90,90,90,'Saepe quia necessitatibus non occaecati molestiae est nostrum. Aut dolorem aliquam nulla repudiandae. Perferendis rerum eaque aperiam et voluptate nobis.',1,0,'1980-02-08 19:17:05','2008-02-21 23:14:09'),(91,91,91,'Ut ipsum aliquam nemo. Necessitatibus sunt facilis aut dignissimos consequatur sint. Qui doloremque quo maiores repellat non.',1,0,'1981-09-29 06:54:17','2006-02-28 07:03:35'),(92,92,92,'Quis illo sint recusandae non dignissimos quas ad. Inventore cum ut illum quam et. Fugit debitis quidem sit modi et mollitia et.',1,0,'1972-12-21 12:16:37','2002-07-14 12:20:59'),(93,93,93,'Neque et possimus voluptas vero doloremque excepturi. Sunt delectus exercitationem voluptatum aut quos et.',1,1,'1992-10-02 13:33:33','1975-11-12 14:18:29'),(94,94,94,'Fuga asperiores saepe voluptatibus quo dolores consequuntur. Quos possimus recusandae a qui.',0,1,'2005-07-06 20:43:25','1975-02-12 13:14:12'),(95,95,95,'Tempore nesciunt eum placeat aspernatur qui dolore est. Qui deleniti accusantium animi. Sed ab tenetur omnis quia corporis quidem animi quam. Molestiae labore aut provident.',1,1,'1987-10-30 19:40:18','2004-10-28 07:38:51'),(96,96,96,'Quos explicabo iure eaque. Fugit repudiandae aut quaerat voluptatem nam doloremque. Ut impedit beatae quos in officiis voluptas sed.',0,0,'1981-11-28 08:49:03','1986-07-06 00:58:28'),(97,97,97,'Expedita perferendis minus occaecati esse aliquid aliquam voluptatum. Non perferendis qui rerum fuga ut expedita. Occaecati quia quasi omnis non quis dignissimos velit.',1,1,'1978-10-17 16:25:33','1987-04-11 19:58:38'),(98,98,98,'Rerum voluptas sint voluptas sit dicta maiores hic. Distinctio laborum id sint earum. Quisquam provident temporibus ut perspiciatis culpa quae saepe.',1,1,'2015-10-06 07:48:34','1985-12-24 13:36:57'),(99,99,99,'Similique quae est sequi sit id aliquid. Iure recusandae laboriosam veniam eos quasi eum ut. Eos sequi voluptatem modi voluptatum tenetur. Fugiat vel provident eligendi ducimus velit. Voluptate aliquam modi temporibus culpa commodi.',1,1,'1992-11-10 07:54:42','1973-01-26 02:00:34'),(100,100,100,'Minima consequatur qui vitae ipsa id recusandae. Laudantium vel facere accusamus incidunt. Ut asperiores culpa reprehenderit.',1,0,'2007-12-28 21:49:33','1973-08-19 04:21:53');
/*!40000 ALTER TABLE `messages` ENABLE KEYS */;
UNLOCK TABLES;

--
-- Table structure for table `news`
--

DROP TABLE IF EXISTS `news`;
/*!40101 SET @saved_cs_client     = @@character_set_client */;
/*!50503 SET character_set_client = utf8mb4 */;
CREATE TABLE `news` (
  `id` int unsigned NOT NULL AUTO_INCREMENT COMMENT 'Идентификатор строки',
  `post` text CHARACTER SET utf8mb4 COLLATE utf8mb4_unicode_ci NOT NULL COMMENT 'Текст новости',
  `actor` text CHARACTER SET utf8mb4 COLLATE utf8mb4_unicode_ci NOT NULL COMMENT 'Биография актера',
  `interview` text CHARACTER SET utf8mb4 COLLATE utf8mb4_unicode_ci NOT NULL COMMENT 'Текстовое интервью',
  `article` text CHARACTER SET utf8mb4 COLLATE utf8mb4_unicode_ci NOT NULL COMMENT 'Текст статьи',
  `created_at` datetime DEFAULT CURRENT_TIMESTAMP COMMENT 'Время создания строки',
  `updated_at` datetime DEFAULT CURRENT_TIMESTAMP ON UPDATE CURRENT_TIMESTAMP COMMENT 'Время обновления строки',
  PRIMARY KEY (`id`)
) ENGINE=InnoDB AUTO_INCREMENT=101 DEFAULT CHARSET=utf8mb4 COLLATE=utf8mb4_0900_ai_ci;
/*!40101 SET character_set_client = @saved_cs_client */;

--
-- Dumping data for table `news`
--

LOCK TABLES `news` WRITE;
/*!40000 ALTER TABLE `news` DISABLE KEYS */;
INSERT INTO `news` VALUES (1,'','','','','2002-06-04 00:06:53','1971-04-04 14:52:31'),(2,'','','','','2010-06-30 09:55:49','2001-02-17 07:26:13'),(3,'','','','','2015-05-28 15:21:26','2016-12-09 10:43:20'),(4,'','','','','2015-04-24 21:59:40','1976-09-13 15:07:25'),(5,'','','','','1973-02-09 03:57:09','2000-07-02 19:22:18'),(6,'','','','','1980-09-28 17:05:49','1988-02-03 09:40:07'),(7,'','','','','1977-06-27 14:55:33','1975-05-02 09:45:54'),(8,'','','','','1978-02-23 05:49:12','1970-10-06 17:26:09'),(9,'','','','','2003-04-28 11:36:58','2008-01-30 20:51:49'),(10,'','','','','2011-09-01 06:07:48','1973-07-05 14:02:10'),(11,'','','','','1973-02-17 21:35:31','2006-08-22 06:22:10'),(12,'','','','','2006-12-11 06:56:04','2006-11-30 22:22:04'),(13,'','','','','1992-03-21 14:52:31','1981-09-15 08:30:41'),(14,'','','','','2010-01-03 00:50:37','1970-10-05 10:20:05'),(15,'','','','','1983-08-22 15:27:33','1983-10-21 22:59:59'),(16,'','','','','2001-10-24 14:50:40','1970-07-15 00:51:27'),(17,'','','','','1985-12-11 21:44:11','2004-10-11 07:42:59'),(18,'','','','','2009-10-24 02:13:39','1995-07-11 18:53:03'),(19,'','','','','2002-03-11 16:11:05','1980-12-09 14:16:50'),(20,'','','','','2003-04-09 00:52:23','1975-06-19 16:04:07'),(21,'','','','','1990-08-24 20:10:05','1979-06-21 00:37:22'),(22,'','','','','1983-02-14 19:03:19','1973-09-23 10:01:58'),(23,'','','','','1971-09-02 23:50:13','1971-01-05 08:37:09'),(24,'','','','','1998-10-31 02:07:55','1999-08-27 18:35:41'),(25,'','','','','1976-06-03 13:07:58','2005-07-12 02:12:19'),(26,'','','','','2018-05-11 21:36:52','1974-07-14 20:44:54'),(27,'','','','','1977-12-05 21:37:39','1994-11-27 20:52:31'),(28,'','','','','1999-01-12 05:12:13','1975-08-15 19:55:11'),(29,'','','','','2002-03-20 22:24:16','2011-01-11 10:10:58'),(30,'','','','','2014-01-13 23:16:15','1981-08-21 07:24:58'),(31,'','','','','1988-01-25 21:18:38','2006-01-17 17:08:04'),(32,'','','','','1991-04-14 14:15:47','1978-10-24 23:28:32'),(33,'','','','','1986-06-21 20:39:57','2000-10-01 21:11:21'),(34,'','','','','2004-06-10 02:27:49','1997-07-22 04:43:01'),(35,'','','','','2011-12-22 12:21:51','1993-12-01 08:42:47'),(36,'','','','','2012-02-13 07:54:29','1993-01-30 09:01:34'),(37,'','','','','1998-06-04 09:39:31','1990-03-17 17:38:47'),(38,'','','','','2011-01-29 13:42:25','1984-02-25 05:47:49'),(39,'','','','','1996-09-28 22:42:01','1974-01-21 13:18:12'),(40,'','','','','2011-01-10 20:33:41','1973-06-26 10:53:38'),(41,'','','','','1981-02-15 19:22:54','1982-10-17 21:12:54'),(42,'','','','','1987-03-19 09:41:30','1987-11-07 10:57:07'),(43,'','','','','1983-04-24 14:21:32','1986-06-01 13:48:54'),(44,'','','','','2014-11-27 04:49:27','2017-02-06 09:30:53'),(45,'','','','','2006-12-14 23:33:37','2013-11-13 14:15:05'),(46,'','','','','1970-07-22 23:40:48','1989-10-02 10:47:12'),(47,'','','','','1989-04-05 06:01:32','2001-05-11 07:06:45'),(48,'','','','','1992-01-20 01:26:37','2000-04-16 19:07:48'),(49,'','','','','1976-03-22 01:54:56','2019-12-03 04:42:59'),(50,'','','','','2008-05-04 00:56:16','2008-12-14 16:30:39'),(51,'','','','','1972-05-21 19:01:06','2006-06-08 21:48:06'),(52,'','','','','1996-07-31 00:53:11','1973-12-10 23:30:10'),(53,'','','','','1985-05-19 02:23:27','1971-06-26 02:24:48'),(54,'','','','','2014-12-22 19:11:14','1990-02-17 07:41:19'),(55,'','','','','1991-02-05 08:59:51','2005-12-02 18:34:33'),(56,'','','','','1994-12-09 22:25:38','2003-10-05 10:40:12'),(57,'','','','','2011-03-25 10:53:01','1981-12-25 08:57:34'),(58,'','','','','2009-01-25 13:10:29','2003-01-22 10:43:06'),(59,'','','','','2015-02-24 18:00:39','2001-03-29 09:54:08'),(60,'','','','','1988-11-18 08:25:47','1996-11-17 20:28:01'),(61,'','','','','1993-10-18 09:32:44','2004-07-21 18:25:23'),(62,'','','','','2002-12-31 04:15:00','1971-11-06 01:29:11'),(63,'','','','','1974-06-01 21:43:54','1990-02-11 06:40:28'),(64,'','','','','2012-08-03 11:45:48','2012-07-21 19:15:00'),(65,'','','','','1991-09-14 00:42:31','1994-03-16 08:29:34'),(66,'','','','','2006-11-26 16:21:33','2007-05-04 08:18:38'),(67,'','','','','1972-09-04 21:36:49','1981-08-30 14:17:57'),(68,'','','','','1982-03-09 06:16:30','1995-12-15 21:36:16'),(69,'','','','','2006-05-31 03:51:56','1993-06-05 01:28:11'),(70,'','','','','1992-06-05 02:16:13','1976-02-17 00:33:39'),(71,'','','','','2009-11-14 21:40:20','1994-02-06 13:50:44'),(72,'','','','','2011-04-29 06:11:05','2009-09-01 21:12:15'),(73,'','','','','2018-08-29 12:28:33','1977-11-03 15:53:42'),(74,'','','','','2017-10-16 04:01:44','1990-08-10 14:03:36'),(75,'','','','','1979-03-04 03:46:42','1978-12-10 03:01:03'),(76,'','','','','1974-10-20 19:01:41','2000-06-18 23:24:03'),(77,'','','','','1999-04-21 19:51:13','1972-02-28 21:58:39'),(78,'','','','','2014-05-31 20:29:24','1977-05-12 04:32:32'),(79,'','','','','1976-12-29 20:14:39','1970-08-12 03:23:37'),(80,'','','','','2018-04-15 11:31:10','2000-11-16 15:02:09'),(81,'','','','','2020-04-20 00:08:41','1970-06-11 05:46:58'),(82,'','','','','1993-09-09 21:29:29','1971-04-20 09:49:57'),(83,'','','','','1975-02-14 16:33:27','1981-04-21 05:21:06'),(84,'','','','','2012-04-25 14:12:25','1990-04-29 19:42:37'),(85,'','','','','2018-09-29 15:04:04','2018-05-16 07:34:45'),(86,'','','','','2018-03-28 15:19:32','1976-08-18 07:56:38'),(87,'','','','','2009-10-06 13:52:17','1992-12-25 03:22:54'),(88,'','','','','1998-01-08 17:57:05','1990-10-02 20:02:31'),(89,'','','','','1978-01-16 07:51:54','2010-05-16 16:57:29'),(90,'','','','','1995-09-06 13:09:02','2005-09-28 02:36:51'),(91,'','','','','1991-07-31 13:46:15','1997-11-23 18:39:11'),(92,'','','','','1993-01-31 07:30:17','1985-02-05 14:43:23'),(93,'','','','','2014-11-29 23:42:26','1978-04-12 14:10:23'),(94,'','','','','1990-09-28 12:59:02','1999-05-24 04:35:01'),(95,'','','','','2008-10-26 16:58:47','1974-08-30 09:24:10'),(96,'','','','','1984-05-04 07:25:21','1996-02-14 17:03:52'),(97,'','','','','1993-10-07 02:52:45','2009-12-04 00:51:10'),(98,'','','','','1979-09-11 19:41:16','1981-01-14 16:49:03'),(99,'','','','','1987-05-01 00:10:54','1991-12-18 13:07:12'),(100,'','','','','2004-08-07 23:42:30','1994-08-24 03:03:05');
/*!40000 ALTER TABLE `news` ENABLE KEYS */;
UNLOCK TABLES;

--
-- Table structure for table `notification`
--

DROP TABLE IF EXISTS `notification`;
/*!40101 SET @saved_cs_client     = @@character_set_client */;
/*!50503 SET character_set_client = utf8mb4 */;
CREATE TABLE `notification` (
  `id` int unsigned NOT NULL AUTO_INCREMENT COMMENT 'Идентификатор строки',
  `user_id` int unsigned NOT NULL COMMENT 'Ссылка на получателя уведомления',
  `serial_id` int unsigned NOT NULL COMMENT 'Ссылка на содержимое видеофайла',
  `is_read` tinyint(1) DEFAULT NULL COMMENT 'Признак прочтения',
  `created_at` datetime DEFAULT CURRENT_TIMESTAMP COMMENT 'Время создания строки',
  `updated_at` datetime DEFAULT CURRENT_TIMESTAMP ON UPDATE CURRENT_TIMESTAMP COMMENT 'Время обновления строки',
  PRIMARY KEY (`id`),
  KEY `notification_fk_user_id` (`user_id`),
  KEY `notification_fk_serial_id` (`serial_id`),
  CONSTRAINT `notification_fk_serial_id` FOREIGN KEY (`serial_id`) REFERENCES `serials` (`id`),
  CONSTRAINT `notification_fk_user_id` FOREIGN KEY (`user_id`) REFERENCES `users` (`id`)
) ENGINE=InnoDB AUTO_INCREMENT=101 DEFAULT CHARSET=utf8mb4 COLLATE=utf8mb4_0900_ai_ci;
/*!40101 SET character_set_client = @saved_cs_client */;

--
-- Dumping data for table `notification`
--

LOCK TABLES `notification` WRITE;
/*!40000 ALTER TABLE `notification` DISABLE KEYS */;
INSERT INTO `notification` VALUES (1,1,1,1,'2005-07-31 19:30:30','1976-11-06 21:20:35'),(2,2,2,0,'1999-12-28 19:06:57','2003-06-08 11:33:38'),(3,3,3,0,'1981-10-28 09:25:06','2001-11-10 14:09:15'),(4,4,4,0,'2014-10-13 11:15:27','1996-02-16 23:28:57'),(5,5,5,0,'1978-01-29 13:38:14','1999-06-17 19:00:47'),(6,6,6,1,'1987-12-13 16:05:33','2018-01-12 18:13:18'),(7,7,7,0,'2009-06-30 03:45:02','2019-06-07 06:21:19'),(8,8,8,0,'2002-07-27 02:07:35','2001-05-10 05:31:14'),(9,9,9,0,'1993-07-03 22:57:39','1973-09-10 23:11:20'),(10,10,10,1,'1997-04-26 14:08:04','2001-02-15 09:27:46'),(11,11,11,1,'1989-03-29 05:51:09','2017-09-19 05:34:56'),(12,12,12,0,'1981-07-19 01:09:52','1978-01-27 11:10:17'),(13,13,13,0,'1995-11-27 18:23:34','1970-06-11 04:46:25'),(14,14,14,0,'2005-04-07 06:04:55','1994-02-25 02:06:18'),(15,15,15,0,'2011-09-20 04:10:55','1992-10-08 15:50:43'),(16,16,16,0,'2015-12-02 14:57:38','2013-06-19 12:38:57'),(17,17,17,1,'1981-11-19 23:57:11','2018-01-09 15:04:16'),(18,18,18,0,'2009-10-25 16:42:38','2004-05-15 09:01:46'),(19,19,19,1,'2009-02-02 07:31:14','1972-11-22 20:15:55'),(20,20,20,0,'1976-01-13 06:23:45','2000-03-21 19:40:36'),(21,21,21,0,'1999-10-26 16:22:22','1985-07-29 04:22:18'),(22,22,22,1,'1976-08-25 08:00:36','1974-12-02 09:13:47'),(23,23,23,1,'1990-04-22 07:21:16','1983-12-19 15:32:03'),(24,24,24,1,'2005-07-17 12:17:01','1992-04-15 10:20:04'),(25,25,25,1,'2006-03-04 08:22:32','2001-08-06 09:50:59'),(26,26,26,0,'1986-06-30 23:44:46','1979-12-10 02:10:32'),(27,27,27,1,'2009-08-08 22:34:48','2010-09-27 06:29:02'),(28,28,28,0,'1996-04-18 03:29:38','2021-01-06 23:11:58'),(29,29,29,1,'1984-01-23 05:28:59','1995-06-25 08:47:12'),(30,30,30,1,'1998-04-14 06:33:47','2001-12-12 03:28:33'),(31,31,31,0,'2005-08-29 01:38:29','1977-05-05 13:45:31'),(32,32,32,1,'1976-04-04 23:49:32','2018-06-25 01:16:21'),(33,33,33,1,'2017-06-22 22:05:43','1990-07-24 19:27:16'),(34,34,34,1,'1984-02-24 23:42:26','1972-11-20 04:30:52'),(35,35,35,1,'1972-01-14 10:53:32','1986-07-27 23:28:49'),(36,36,36,1,'1982-01-24 06:35:51','1993-03-26 15:49:19'),(37,37,37,0,'2016-03-14 03:54:02','1990-09-25 04:24:39'),(38,38,38,0,'1992-02-20 18:26:55','1988-04-25 01:42:51'),(39,39,39,1,'1984-02-25 10:49:51','1977-12-27 23:51:29'),(40,40,40,0,'1975-08-21 05:59:41','1981-04-16 14:19:31'),(41,41,41,0,'1993-09-21 17:51:32','1973-01-11 13:02:51'),(42,42,42,0,'1985-10-18 12:18:48','1976-08-25 09:11:56'),(43,43,43,0,'1987-05-23 23:24:05','1985-03-06 02:18:35'),(44,44,44,1,'1997-12-15 03:41:45','2008-11-04 09:33:11'),(45,45,45,0,'1984-04-27 10:54:45','1994-11-16 23:21:53'),(46,46,46,0,'1990-07-05 00:20:46','1981-01-19 10:29:15'),(47,47,47,1,'1995-04-12 16:30:32','2012-12-18 11:41:42'),(48,48,48,1,'2012-10-04 14:41:57','1981-02-12 15:04:00'),(49,49,49,1,'1994-04-21 23:43:56','1972-06-29 12:49:05'),(50,50,50,1,'2020-07-31 16:00:36','2020-09-22 22:42:32'),(51,51,51,0,'1988-02-12 03:51:10','1992-11-25 11:42:01'),(52,52,52,1,'2014-06-26 23:25:35','1986-05-20 07:31:30'),(53,53,53,0,'1988-08-06 16:11:34','2015-12-14 11:54:41'),(54,54,54,1,'1980-09-03 03:31:42','1989-04-15 21:26:01'),(55,55,55,0,'2002-01-24 21:25:50','2016-01-02 03:26:53'),(56,56,56,0,'1984-07-04 14:02:08','2016-09-06 13:21:46'),(57,57,57,0,'2007-10-18 10:10:44','2015-11-10 17:48:35'),(58,58,58,1,'1971-03-26 12:37:10','1990-08-13 00:23:31'),(59,59,59,0,'1974-06-03 12:16:17','1994-06-21 05:50:19'),(60,60,60,1,'2012-01-04 03:47:46','2002-05-07 09:38:33'),(61,61,61,0,'1994-03-07 17:53:39','1985-02-06 11:44:29'),(62,62,62,1,'2001-04-17 07:01:55','1975-05-17 12:57:49'),(63,63,63,0,'2005-10-06 00:35:30','1982-04-24 13:30:35'),(64,64,64,0,'1996-06-02 04:31:12','2010-02-12 11:02:25'),(65,65,65,1,'1999-12-01 13:44:42','1980-07-26 05:35:29'),(66,66,66,0,'1976-04-24 11:14:42','1974-12-08 16:11:51'),(67,67,67,0,'2009-03-25 18:52:16','2006-09-01 08:42:38'),(68,68,68,0,'1986-06-28 16:40:36','1999-04-30 21:20:37'),(69,69,69,1,'2004-10-25 09:54:20','1993-06-28 19:55:59'),(70,70,70,1,'1975-08-08 09:02:16','2018-03-12 09:12:34'),(71,71,71,0,'1980-05-07 14:27:19','1999-01-20 20:50:13'),(72,72,72,0,'2009-11-05 21:04:22','1973-05-31 01:21:31'),(73,73,73,1,'1991-04-03 14:44:38','1997-09-10 02:12:21'),(74,74,74,1,'1978-07-27 16:43:54','2000-06-09 15:54:55'),(75,75,75,0,'2002-09-30 23:29:49','2009-05-16 07:39:40'),(76,76,76,0,'1984-05-25 08:42:16','2001-11-16 21:12:14'),(77,77,77,0,'1999-07-15 05:12:19','1972-12-24 20:43:53'),(78,78,78,1,'1974-09-04 20:44:58','2015-06-18 15:28:20'),(79,79,79,0,'1986-01-28 00:21:49','1973-12-05 16:04:19'),(80,80,80,1,'2000-03-31 13:13:11','1971-08-19 03:32:10'),(81,81,81,1,'1973-12-05 06:34:27','2003-02-05 00:49:31'),(82,82,82,0,'1987-03-17 07:39:28','1980-12-21 02:16:26'),(83,83,83,1,'1985-09-18 06:20:22','1982-02-03 20:17:47'),(84,84,84,0,'1975-12-18 10:04:03','2003-08-05 14:14:11'),(85,85,85,1,'1987-02-22 07:02:30','1994-07-26 21:21:12'),(86,86,86,0,'1978-07-22 19:01:26','1984-06-24 09:19:13'),(87,87,87,0,'2020-06-25 19:15:51','1984-07-04 08:14:48'),(88,88,88,0,'2011-09-08 22:02:35','1977-09-13 09:12:09'),(89,89,89,1,'1982-10-21 13:29:26','2020-05-28 22:18:49'),(90,90,90,0,'1978-12-12 02:07:38','2005-06-17 13:59:27'),(91,91,91,1,'1979-08-21 15:15:02','1984-03-05 09:53:38'),(92,92,92,1,'2010-07-18 03:29:52','1982-04-24 09:10:39'),(93,93,93,0,'2012-01-23 21:24:52','2001-09-17 16:42:26'),(94,94,94,1,'1997-08-01 14:51:52','2005-03-30 12:10:43'),(95,95,95,0,'2005-10-06 20:12:00','1993-12-11 06:06:41'),(96,96,96,0,'1993-02-12 08:56:56','2018-06-29 16:58:44'),(97,97,97,0,'2004-04-08 07:01:12','1980-03-04 04:13:02'),(98,98,98,1,'1984-07-06 18:19:30','1998-05-19 01:27:58'),(99,99,99,1,'1977-11-07 23:26:02','1995-09-12 17:57:02'),(100,100,100,1,'1989-05-04 10:31:58','1978-12-18 09:09:35');
/*!40000 ALTER TABLE `notification` ENABLE KEYS */;
UNLOCK TABLES;

--
-- Table structure for table `profiles`
--

DROP TABLE IF EXISTS `profiles`;
/*!40101 SET @saved_cs_client     = @@character_set_client */;
/*!50503 SET character_set_client = utf8mb4 */;
CREATE TABLE `profiles` (
  `user_id` int unsigned NOT NULL COMMENT 'Ссылка на пользователя',
  `first_name` varchar(100) CHARACTER SET utf8mb4 COLLATE utf8mb4_unicode_ci NOT NULL COMMENT 'Имя пользователя',
  `last_name` varchar(100) CHARACTER SET utf8mb4 COLLATE utf8mb4_unicode_ci NOT NULL COMMENT 'Фамилия пользователя',
  `nickname` varchar(100) CHARACTER SET utf8mb4 COLLATE utf8mb4_unicode_ci DEFAULT NULL COMMENT 'Отчество пользователя',
  `gender_id` int unsigned DEFAULT NULL,
  `birthday` date DEFAULT NULL COMMENT 'Дата рождения',
  `country` varchar(130) CHARACTER SET utf8mb4 COLLATE utf8mb4_unicode_ci DEFAULT NULL COMMENT 'Страна проживания',
  `city` varchar(130) CHARACTER SET utf8mb4 COLLATE utf8mb4_unicode_ci DEFAULT NULL COMMENT 'Город проживания',
  `created_at` datetime DEFAULT CURRENT_TIMESTAMP COMMENT 'Время создания строки',
  `updated_at` datetime DEFAULT CURRENT_TIMESTAMP ON UPDATE CURRENT_TIMESTAMP COMMENT 'Время обновления строки',
  PRIMARY KEY (`user_id`),
  KEY `profiles_fk_gender_id` (`gender_id`),
  CONSTRAINT `profiles_fk_gender_id` FOREIGN KEY (`gender_id`) REFERENCES `gender` (`id`) ON DELETE SET NULL,
  CONSTRAINT `profiles_fk_user_id` FOREIGN KEY (`user_id`) REFERENCES `users` (`id`) ON DELETE CASCADE
) ENGINE=InnoDB DEFAULT CHARSET=utf8mb4 COLLATE=utf8mb4_0900_ai_ci;
/*!40101 SET character_set_client = @saved_cs_client */;

--
-- Dumping data for table `profiles`
--

LOCK TABLES `profiles` WRITE;
/*!40000 ALTER TABLE `profiles` DISABLE KEYS */;
INSERT INTO `profiles` VALUES (1,'Heber','Cummerata','aspernatur',1,'1970-08-23','6','Swaniawskiberg','1996-07-21 01:43:18','2011-05-07 16:12:49'),(2,'Craig','Mayer','modi',2,'1975-01-22','','Lake Wilfredo','1983-07-09 14:26:07','2017-06-28 10:41:51'),(3,'Rod','Schowalter','voluptatum',1,'1974-01-31','28422300','Danykafurt','2013-07-05 16:40:19','2019-07-18 13:00:00'),(4,'Merritt','Mayert','laboriosam',2,'1981-03-09','42509075','Port Kaela','2003-02-07 22:15:29','1988-12-22 15:32:01'),(5,'Arlene','Crooks','iste',1,'1994-03-01','860610425','Port Melvina','2009-09-17 23:14:02','1970-10-02 10:15:38'),(6,'Travis','Spencer','nihil',2,'1972-05-31','564536','Lebsackbury','2006-01-11 07:34:13','1997-02-15 17:40:51'),(7,'Rylan','Fay','impedit',1,'1979-07-10','8233','Hollieberg','2015-11-03 01:27:12','2004-06-11 05:58:50'),(8,'Lucius','Wolf','veniam',2,'1999-12-08','5507','Robertoton','2020-03-23 14:23:15','1992-02-14 00:54:20'),(9,'Briana','Nikolaus','iste',1,'2020-05-22','221998969','Demetriusville','1997-11-26 04:01:21','1978-05-17 23:49:45'),(10,'Vincenza','Nienow','deserunt',2,'2012-08-12','7383','Gabriellemouth','1970-03-25 13:13:28','1982-02-22 05:24:44'),(11,'Jaqueline','Haley','eum',1,'2000-06-12','58409','New Pauline','1972-06-01 10:03:21','1978-01-23 01:06:02'),(12,'Loyal','Wisozk','ullam',2,'1993-08-23','886','Reynoldsview','2020-04-11 19:14:59','2008-09-10 20:55:38'),(13,'Conrad','Ebert','minima',1,'2010-12-24','178271','Port Orval','2010-02-11 14:03:36','1974-08-26 08:37:36'),(14,'Myles','Leffler','sed',2,'1996-06-09','','Lake Hannashire','2000-07-30 13:31:28','1981-04-30 21:46:53'),(15,'Dwight','Connelly','aut',1,'1983-06-15','512','Norbertside','2010-07-05 16:25:49','1970-10-18 22:42:06'),(16,'Althea','Rolfson','est',2,'2018-09-10','60925501','Schmittberg','1971-12-13 12:05:28','2011-11-25 01:00:09'),(17,'Isaac','Crooks','et',1,'2018-05-07','201','Winnifredmouth','2002-07-10 06:39:47','1973-03-10 21:53:55'),(18,'Regan','Blanda','harum',2,'1985-05-20','27','West Melyssatown','1983-11-24 18:27:24','1993-07-03 14:22:55'),(19,'Tara','Gusikowski','ullam',1,'1989-11-14','54266570','Faustinoborough','2016-06-06 15:28:04','2016-08-26 04:44:49'),(20,'Marcus','Larson','quibusdam',2,'1973-03-13','3','Raynorfurt','1994-10-01 19:14:27','1990-07-20 20:08:04'),(21,'Missouri','O\'Kon','libero',1,'2000-02-22','4802873','Leannonbury','2013-03-20 23:17:14','1972-12-05 22:38:50'),(22,'Heaven','Rempel','tenetur',2,'1991-08-19','32969122','New Joeytown','2004-06-10 07:26:04','1979-01-03 12:25:36'),(23,'Sadie','Murray','earum',1,'1990-12-15','34192041','Lake Oswaldostad','2001-12-06 04:18:54','1988-07-29 22:38:07'),(24,'Justus','Pagac','sit',2,'1970-02-11','','Lake Brock','1974-10-12 14:08:48','2015-06-08 00:41:11'),(25,'Hilma','Wiza','voluptas',1,'1991-01-12','828502965','Lake Shawnland','2014-09-15 07:14:07','1989-01-29 19:44:48'),(26,'Jacky','Sauer','delectus',2,'2015-04-25','85835312','East Ed','1991-11-26 16:55:30','2004-01-09 14:09:41'),(27,'Hollis','Legros','similique',1,'1988-01-21','810277','North Jaquanside','1970-03-01 09:53:30','1987-01-11 22:22:28'),(28,'Larissa','Ward','nihil',2,'1995-02-13','4','Holliefurt','2002-09-28 05:27:57','1975-04-11 09:24:07'),(29,'Keyon','Thiel','est',1,'2006-09-19','279457','Lake Ellie','2016-10-16 10:53:13','1996-10-24 14:25:06'),(30,'Rosalia','Kulas','reiciendis',2,'2017-06-04','326800','Robelfort','1974-09-13 06:42:07','2000-05-26 22:19:34'),(31,'Allen','Funk','sapiente',1,'1973-04-06','6','New Lillystad','1974-12-21 15:37:13','2016-12-31 05:14:11'),(32,'Maxwell','Jerde','non',2,'2020-05-18','970','Swaniawskiland','1989-04-08 02:12:45','1972-07-02 17:18:20'),(33,'Daron','Dach','voluptas',1,'1975-12-06','1','Jevonmouth','1990-11-02 04:39:51','1981-05-04 00:54:59'),(34,'Arvid','Blanda','consequuntur',2,'2000-06-17','6236599','Howellport','2015-07-04 08:30:30','2013-07-17 05:46:21'),(35,'Eddie','Hansen','dolores',1,'1987-05-24','96','Gilbertoville','2007-10-12 07:05:20','1984-09-14 18:40:57'),(36,'Leopold','Eichmann','omnis',2,'2001-06-26','312916350','Kihnmouth','1972-06-16 09:07:59','2015-05-12 14:28:49'),(37,'Jamal','Hegmann','ad',1,'1983-08-12','','West Ottis','1972-11-08 21:55:23','1988-09-18 01:55:45'),(38,'Penelope','Pacocha','ea',2,'2002-04-12','8','Stantonville','1984-11-27 17:27:08','2017-08-04 03:43:55'),(39,'Emmie','Stark','quod',1,'2007-06-09','','Lake Porterside','2006-10-11 11:32:27','2000-02-29 08:23:59'),(40,'Kamille','Labadie','aliquid',2,'2003-02-09','543','Raynorchester','2006-01-08 02:52:01','1970-07-14 06:43:19'),(41,'Brooklyn','Wiegand','ut',1,'1994-12-28','','Lake Bessieport','2015-07-18 03:47:30','2009-06-13 12:11:14'),(42,'Jaclyn','Lubowitz','quidem',2,'1991-12-17','6899','Lake Brennanstad','1997-10-09 13:42:26','2012-03-19 09:26:15'),(43,'Geovany','Jenkins','deserunt',1,'2007-12-02','46763683','Port Adalineland','1971-08-30 19:34:42','1978-10-21 08:16:51'),(44,'Heath','Torp','totam',2,'1978-10-13','99048005','Willberg','1982-05-11 21:58:00','2019-10-20 03:17:49'),(45,'Alize','Jenkins','doloremque',1,'2008-10-01','56941','North Rogershaven','2011-09-01 01:14:43','1985-04-05 18:07:10'),(46,'Icie','Howe','nostrum',2,'2009-07-15','9173','Lake Antonia','1993-10-27 18:32:30','1996-05-05 23:17:07'),(47,'Devin','Rolfson','nihil',1,'1986-01-13','805158','New Zanderbury','2012-08-31 03:32:09','1987-10-13 21:45:01'),(48,'Camren','Moen','ipsa',2,'1970-03-03','922611133','Batzmouth','2003-01-03 08:48:30','1995-03-22 12:06:44'),(49,'Kennedy','Wehner','assumenda',1,'2000-06-18','','West Elena','1997-01-24 19:00:53','2014-10-01 02:56:49'),(50,'Lucile','Spencer','sit',2,'1985-05-30','','North Wyattland','1977-02-25 02:53:35','1995-07-10 03:50:27'),(51,'Sid','Wintheiser','repudiandae',1,'2008-03-18','45','Spinkatown','2009-03-22 19:35:39','2000-05-09 11:10:05'),(52,'Ariel','Spinka','qui',2,'2020-07-01','6019','Hayesmouth','1991-01-30 17:27:47','1989-08-13 02:11:49'),(53,'Raoul','Schaefer','sunt',1,'1974-01-13','6','Corbinmouth','1975-08-06 18:07:40','2011-11-14 15:53:32'),(54,'Tremaine','Jaskolski','fugit',2,'1979-03-20','27','Wolfview','1979-04-28 04:55:12','1989-12-20 01:03:25'),(55,'Jayne','Ledner','rerum',1,'1987-11-25','202313','West Darwinmouth','1996-04-30 07:53:36','1986-03-11 20:16:38'),(56,'Lois','Graham','est',2,'2009-06-23','2279','Port Destinyside','2011-08-12 01:59:25','2000-07-26 23:08:21'),(57,'Ludie','Ebert','laudantium',1,'2005-12-19','88713533','West Llewellynland','1988-01-07 08:39:19','2019-08-23 17:47:20'),(58,'Reinhold','Conn','pariatur',2,'2001-11-18','501658','East Traceside','1970-10-13 01:26:51','1993-01-07 11:28:28'),(59,'Jonathan','Oberbrunner','mollitia',1,'2009-09-04','3371631','New Justynland','1993-05-27 19:26:29','1978-09-05 11:18:09'),(60,'Bessie','Runolfsson','doloremque',2,'1973-05-28','11394218','Port Jayda','1981-08-09 10:22:10','1990-05-01 02:37:38'),(61,'Philip','Wisoky','nesciunt',1,'2000-11-18','2900033','North Monica','1976-05-08 01:10:24','1996-03-29 07:07:21'),(62,'Else','Ondricka','ab',2,'2019-06-25','42','Wymanmouth','2003-04-28 09:59:08','1971-09-26 19:55:04'),(63,'Louie','Kuhn','eum',1,'2007-11-25','2','Port Carmine','2003-03-10 20:08:25','1990-04-25 16:32:39'),(64,'Hellen','Blick','vel',2,'1998-10-19','8144792','Alexisbury','1984-03-20 11:38:47','1987-09-26 14:43:54'),(65,'Kristin','Legros','quis',1,'2018-02-22','7770478','New Eleonore','2013-06-18 15:59:51','1976-06-11 00:16:05'),(66,'Christy','Reichert','consequatur',2,'1994-07-06','4667','Greghaven','1985-11-29 11:34:18','2012-09-05 03:22:54'),(67,'Melissa','Luettgen','corrupti',1,'2019-09-21','49','Muellerport','2015-06-09 16:00:27','2002-11-01 01:02:08'),(68,'Minerva','Powlowski','tempora',2,'1980-05-31','','Croninfurt','1988-12-10 04:30:20','1981-05-15 21:51:32'),(69,'Morton','Boyer','sed',1,'1981-09-28','493192','Kiannaburgh','1979-01-28 17:52:25','1998-01-23 03:57:55'),(70,'Addison','Kreiger','dolorem',2,'2014-09-10','1','New Emersonfort','1986-06-11 22:59:32','2017-09-11 00:11:54'),(71,'Christ','Heidenreich','est',1,'2018-08-26','763185472','Lueilwitzstad','1986-05-03 03:15:41','1975-08-12 05:13:57'),(72,'Geovany','Johns','et',2,'1984-03-24','73757818','Blockstad','1989-08-28 20:44:56','1979-10-25 07:44:50'),(73,'Grover','Bruen','impedit',1,'2019-10-10','409','Jedton','2005-12-02 13:35:44','2002-05-18 03:36:28'),(74,'Dylan','Legros','repudiandae',2,'2005-03-15','639','Joanieview','1994-07-14 16:18:16','2007-07-27 13:08:57'),(75,'Frederique','Kemmer','nam',1,'1972-06-30','','Camilleton','2010-11-03 05:30:11','2011-02-04 07:31:08'),(76,'Willis','Stracke','tempora',2,'1975-10-22','3644','West Abagailville','1985-07-20 22:20:33','1973-02-06 11:49:17'),(77,'Rodrigo','Smith','deleniti',1,'1990-07-09','5645','Langoshmouth','1990-06-28 04:52:44','2018-06-10 12:31:04'),(78,'Bertrand','Swift','dolorem',2,'2011-11-16','480','Port Beatrice','1973-02-25 12:31:28','1993-03-29 05:23:25'),(79,'Tanya','Romaguera','sit',1,'1999-09-09','','Schummmouth','2020-05-25 13:49:45','2010-05-04 21:26:37'),(80,'Kendra','Balistreri','necessitatibus',2,'1998-08-05','335','Wuckertbury','1971-07-21 10:15:55','2017-01-14 23:32:14'),(81,'Cordia','McCullough','harum',1,'1988-03-28','','Cecilshire','1975-10-18 19:37:26','2011-09-16 07:38:13'),(82,'Conor','Kihn','adipisci',2,'1988-03-28','','Welchside','1989-01-01 09:23:58','1995-10-24 01:23:12'),(83,'Deborah','Carroll','tempora',1,'2007-08-03','54004','Keeblerchester','2003-10-05 15:20:11','2017-06-01 23:55:08'),(84,'Keyshawn','Prohaska','et',2,'1995-09-08','52783452','North Halleshire','1992-12-20 10:10:54','1989-07-27 18:34:05'),(85,'Arvilla','Waelchi','aliquid',1,'2011-06-14','717957302','New Tyrabury','1992-04-20 21:17:51','2009-11-05 09:21:31'),(86,'Trevion','Sauer','nam',2,'1996-01-22','62717','Herzogtown','1977-11-18 12:08:09','1992-02-22 05:59:48'),(87,'Donato','Corkery','voluptas',1,'1977-11-19','357','East Shaniaton','1994-02-07 05:39:04','2014-10-09 03:21:33'),(88,'Bailee','Bashirian','nesciunt',2,'1972-06-20','938582736','Port Elroyville','2016-12-08 20:40:04','1981-04-25 00:47:27'),(89,'Kelli','Fay','nemo',1,'1974-10-29','50','West Ivah','2014-04-11 09:10:56','1994-12-07 11:00:48'),(90,'Jacey','Pagac','voluptatum',2,'1980-03-14','','Cormiershire','2014-05-11 05:26:37','1971-11-02 22:14:53'),(91,'Melyna','Prosacco','doloribus',1,'2020-08-04','643975134','Roycetown','2006-03-24 03:56:52','1998-08-11 22:24:30'),(92,'Lelah','Kerluke','eligendi',2,'1971-09-10','357996','McCulloughmouth','1991-09-26 09:23:00','1982-05-07 10:38:55'),(93,'Opal','Gerlach','pariatur',1,'1989-08-10','98356','Estellefort','1976-10-29 14:21:03','1988-11-22 10:20:53'),(94,'Hans','Johnston','enim',2,'2020-12-28','7180830','East Aditya','2004-12-04 05:27:38','1971-09-07 14:32:30'),(95,'Soledad','Schimmel','quia',1,'2003-08-18','635020','North Lora','2012-08-12 10:23:53','1994-04-24 03:43:50'),(96,'Willow','Olson','omnis',2,'1997-07-02','19','Port Charlenetown','1980-05-31 02:39:38','1998-09-10 02:32:59'),(97,'Carmelo','Boehm','aut',1,'2001-06-15','59257','Altenwerthtown','2014-07-16 10:19:07','1975-12-08 00:11:52'),(98,'Ada','D\'Amore','similique',2,'2001-05-23','','North Napoleon','1977-10-23 08:50:01','1989-07-12 21:31:30'),(99,'Dillan','Hessel','aut',1,'2016-10-29','','Isobelfort','2000-08-02 20:58:15','2000-07-28 12:51:19'),(100,'Luz','Gusikowski','repellat',2,'1986-09-20','7907','Lake Reyeschester','1997-01-31 13:50:57','1978-09-25 20:06:28');
/*!40000 ALTER TABLE `profiles` ENABLE KEYS */;
UNLOCK TABLES;

--
-- Table structure for table `review`
--

DROP TABLE IF EXISTS `review`;
/*!40101 SET @saved_cs_client     = @@character_set_client */;
/*!50503 SET character_set_client = utf8mb4 */;
CREATE TABLE `review` (
  `id` int unsigned NOT NULL AUTO_INCREMENT COMMENT 'Идентификатор строки',
  `release_date` datetime DEFAULT NULL COMMENT 'Дата выхода',
  `actors` text CHARACTER SET utf8mb4 COLLATE utf8mb4_unicode_ci NOT NULL COMMENT 'Перечень актеров',
  `description` text CHARACTER SET utf8mb4 COLLATE utf8mb4_unicode_ci NOT NULL COMMENT 'Описание',
  `created_at` datetime DEFAULT CURRENT_TIMESTAMP COMMENT 'Время создания строки',
  `updated_at` datetime DEFAULT CURRENT_TIMESTAMP ON UPDATE CURRENT_TIMESTAMP COMMENT 'Время обновления строки',
  PRIMARY KEY (`id`)
) ENGINE=InnoDB AUTO_INCREMENT=101 DEFAULT CHARSET=utf8mb4 COLLATE=utf8mb4_0900_ai_ci;
/*!40101 SET character_set_client = @saved_cs_client */;

--
-- Dumping data for table `review`
--

LOCK TABLES `review` WRITE;
/*!40000 ALTER TABLE `review` DISABLE KEYS */;
INSERT INTO `review` VALUES (1,'2019-03-30 16:32:16','','Soluta sit harum nostrum dicta. Quaerat perspiciatis veritatis ad et. Deserunt dolorem similique exercitationem.','1982-10-25 13:34:47','1980-09-19 20:55:25'),(2,'2016-09-27 16:11:03','','Id dolorum molestiae ut quas voluptatem similique corporis. Impedit voluptatibus qui sed. Voluptatem ut vero nulla cumque.','2015-07-28 11:49:20','1976-12-28 01:51:08'),(3,'2016-06-10 12:04:55','','Et ad ad aspernatur aut et atque natus dolorem. Et cumque sint ut harum praesentium voluptatem magni culpa. Voluptatem nobis eum voluptate eius fugit est. Aut sit rerum omnis iusto aut repellendus. Ullam facere enim aliquid minima aliquid sapiente.','2015-07-29 16:29:26','1989-07-14 08:06:53'),(4,'2014-12-08 03:29:03','','Expedita est et fugit sunt recusandae. Nulla et accusantium ea sed. Libero ad dolorem enim quisquam unde sed nihil.','2020-08-12 22:49:22','1977-11-11 04:17:33'),(5,'2005-09-26 20:47:13','','Sit repudiandae nesciunt assumenda quae ducimus. Ut culpa quidem molestiae eos fuga. Debitis rerum incidunt aspernatur ea beatae odio consectetur. Doloremque nihil aut saepe aut quia ut nesciunt.','2011-03-04 02:06:42','2009-03-09 11:01:58'),(6,'2004-07-02 20:41:17','','Voluptatem vero nostrum excepturi voluptatum. Eum ipsa error repellat tempore velit et. Aut magnam ipsam labore minima est. Inventore voluptatibus non qui blanditiis quia quia dolorem officiis.','2000-05-08 03:46:38','1972-05-30 11:28:28'),(7,'1992-06-18 09:11:43','','Et occaecati est molestiae iste itaque pariatur. Et a error nulla quis. Recusandae voluptas sit fugiat sint sed. Maxime rerum repellat quaerat.','1994-09-15 18:00:41','1993-01-30 08:55:45'),(8,'1991-02-27 02:23:59','','Illum qui quia et laborum. Officia expedita deleniti animi eligendi. Necessitatibus harum illo reiciendis non consectetur sit fugit.','1973-09-27 05:24:51','2009-07-10 11:35:01'),(9,'2008-02-27 08:07:28','','Vel fugit voluptas sit eius. Quas dolorem minus autem vero illo aliquam corporis accusantium. Fugit quasi perspiciatis rem possimus eius.','1980-02-08 02:05:24','1981-12-02 09:52:12'),(10,'2000-02-20 12:06:02','','Quia est aperiam cumque iste. Voluptas omnis enim ratione temporibus sint odio quos nisi. Voluptatem quod qui id illum aut ipsum.','1971-02-15 05:02:05','1996-08-08 10:16:19'),(11,'1992-12-13 17:33:44','','Laborum eligendi eos a est quod culpa. Sed ipsa ut iure ut nemo. Voluptatibus sit et non voluptatem et voluptatibus neque deleniti. Doloribus nihil et dolores distinctio velit.','2010-08-18 18:18:46','1992-05-02 11:08:51'),(12,'1984-11-23 07:46:59','','Quo vel fugiat reprehenderit voluptas facere illo dolorem. Distinctio rem voluptas iste quidem temporibus omnis ducimus. Minus odit rerum tenetur ut. Dolore ipsum odit veniam illo odio. Modi nemo aperiam cupiditate.','1991-03-12 19:58:28','2020-12-24 11:49:39'),(13,'1970-08-27 13:18:52','','Fugit consectetur porro molestiae nulla omnis. Suscipit velit fugit rerum aspernatur et eaque similique. Omnis qui accusamus voluptatem aut. Consequuntur recusandae cupiditate quis architecto distinctio eos. Repellendus ipsa ratione modi et maxime beatae ut.','2018-04-04 01:57:26','1995-09-02 13:03:55'),(14,'2019-08-01 04:18:03','','Eligendi cumque est dignissimos suscipit. Repudiandae voluptatibus ea hic est. Beatae optio voluptatem est facere dignissimos quae enim. Aperiam omnis vel consequatur a praesentium. Repellat quis incidunt consequuntur.','1997-12-14 03:17:36','1971-08-11 11:53:57'),(15,'2000-11-27 02:28:26','','Accusamus consectetur aut perferendis. Ut asperiores placeat in vel voluptas ea et enim. Aut rem sint iure qui tempora harum.','2012-12-22 21:11:37','2014-10-10 22:49:14'),(16,'1992-08-09 14:50:54','','Occaecati fugit quia exercitationem voluptas et. Est dolor deserunt sint voluptas officiis optio ut. Cumque aut dolorum debitis vel ea architecto occaecati dolore. Veritatis nobis accusamus consequatur fugiat ea sed.','2004-09-04 02:30:23','2020-08-18 16:50:17'),(17,'2013-10-04 04:22:33','','Velit fuga voluptas dicta est ut possimus deserunt porro. Delectus porro expedita voluptatem. Architecto consequatur veritatis voluptas qui ea. Illo asperiores omnis asperiores adipisci natus voluptates alias.','1990-02-10 15:50:14','1972-06-08 10:00:35'),(18,'2013-04-23 04:32:43','','Aut aut illum aut. Et dicta quaerat alias dolor dolorem voluptatem quia. Incidunt magni totam voluptatem aut accusamus quos deserunt perferendis.','1973-05-28 16:24:14','2002-08-05 03:19:19'),(19,'2005-10-31 06:23:07','','Debitis dolor ipsum qui ut est. Soluta tenetur doloribus impedit et iusto at. Et voluptatibus aut occaecati nesciunt.','2005-04-30 00:41:11','1974-05-28 10:05:09'),(20,'1974-03-27 12:11:50','','Consequatur ipsum consequatur quaerat deleniti itaque molestiae beatae. Totam odio voluptate maxime iure. Dolorem ipsa aut sed dolorem qui provident nemo.','1983-12-18 05:19:53','2018-11-06 17:51:34'),(21,'2015-11-15 04:11:42','','Consequuntur odio consequatur perferendis quo. Necessitatibus aperiam minus quos distinctio tenetur. Officia et non aperiam et fugiat velit molestias et.','1980-08-19 03:10:17','1986-04-30 22:12:43'),(22,'2018-02-24 00:45:27','','Nulla aut debitis consequatur. Laudantium ea voluptatem eligendi consequatur neque enim vel.','1976-03-04 03:08:05','2004-05-04 02:18:45'),(23,'2016-10-19 22:18:55','','Veritatis reprehenderit laborum reiciendis eum. Deleniti eligendi voluptatem qui dolorum. Id dolores expedita est quibusdam est sed et sint.','2000-04-03 15:12:31','1999-11-05 02:34:05'),(24,'1972-07-16 00:18:44','','Facilis aut neque provident velit ut rem facere. Velit molestias sint nam non non voluptatum rerum. Enim explicabo aut ab.','1993-08-20 19:43:25','2001-07-17 16:48:44'),(25,'2005-10-27 10:17:49','','Sed nihil aut impedit eos sed placeat sint. Nesciunt est cupiditate magnam quidem enim totam est. A natus unde cum excepturi dolores laboriosam placeat. Labore qui mollitia delectus excepturi fugit voluptatem.','1996-02-04 02:24:01','2001-04-03 22:45:16'),(26,'2017-04-19 04:36:45','','Accusamus quidem ipsam aspernatur soluta maiores. Ducimus quasi quo vitae eveniet et. Ullam praesentium explicabo occaecati ullam.','1985-11-30 22:35:58','1972-02-03 01:33:13'),(27,'1988-12-29 11:42:33','','Ut explicabo numquam iusto provident. Nostrum cupiditate alias fugiat. At dolores est sint rerum et labore. Atque quis laudantium non unde nemo occaecati.','1975-02-06 23:29:04','1993-08-28 02:25:00'),(28,'2017-09-22 18:21:23','','Autem omnis itaque perspiciatis reiciendis dolor deserunt voluptas illo. Culpa debitis et suscipit impedit vitae. Quasi rerum doloribus est dolores nihil sequi quia perferendis.','2015-01-28 08:31:58','2019-01-16 04:42:16'),(29,'2002-10-20 11:20:46','','Alias nihil harum ea corrupti ullam quaerat. Veritatis facere recusandae saepe tempore architecto voluptate. Et laudantium aut inventore ut rem delectus ea.','1982-08-03 03:31:12','2002-01-25 21:20:33'),(30,'1982-05-21 18:05:12','','Autem praesentium velit dolores repellat sunt quis et pariatur. Quasi aliquam iste tenetur nihil amet nostrum id. Saepe quasi sit error aliquam distinctio esse molestiae excepturi. Ut aut doloribus cupiditate ea veritatis cupiditate.','2012-02-13 07:40:55','2020-06-18 02:32:01'),(31,'2016-09-03 12:24:21','','Possimus est numquam ut architecto. Ipsum sit facilis voluptate eligendi at dolorem sunt. Aperiam nihil quia qui rerum. Sunt esse cumque aut natus.','2018-12-27 04:56:47','2004-04-02 17:23:23'),(32,'1973-02-26 00:41:40','','Autem velit temporibus et debitis rem. Aut voluptatem rerum ut iste eos necessitatibus et. Et sint totam similique repellendus laudantium. Quas officiis quis dolor iusto ea.','2005-05-07 23:57:36','2001-07-12 11:44:58'),(33,'1982-01-11 14:53:44','','Sed qui et sunt fugiat quia sed. Magnam et et nisi. Saepe laborum omnis ducimus accusantium. Totam exercitationem ab eveniet dolorem. Autem tenetur perferendis nulla optio.','1974-01-14 02:35:40','2000-05-30 20:10:34'),(34,'1981-09-16 06:56:53','','Doloremque repellat corporis tempora qui quia repellendus. Et inventore excepturi voluptatibus dolorem. Suscipit quo harum minima excepturi facere. Nisi rerum consequatur adipisci veniam ipsum dicta nobis. Ex quia in eveniet a vel eum.','2011-12-30 03:51:47','2011-10-15 01:21:43'),(35,'2020-10-25 23:28:03','','Nostrum praesentium ea ratione labore. Ut aut explicabo accusantium quo doloribus expedita totam. Quidem dolore impedit ipsa et tempora iste totam aliquam. Aspernatur officia ex maiores. Sed cumque labore error aliquid assumenda.','2010-12-25 10:48:57','1992-07-01 04:42:13'),(36,'2012-12-14 13:23:58','','Fugiat porro error dolores. Distinctio qui pariatur consectetur sunt aspernatur. Maiores vero enim ut quo sed possimus deserunt.','1998-09-27 21:44:54','1989-04-03 14:02:14'),(37,'1977-11-14 23:26:24','','Quisquam dolores perspiciatis ut et consequuntur. Laudantium consequuntur commodi et natus. Sed aperiam officiis soluta ullam omnis. Saepe fugiat amet omnis.','1995-05-13 09:42:27','1980-04-11 16:40:46'),(38,'2002-10-19 12:56:18','','Totam tenetur est id temporibus et. Et culpa labore consectetur deleniti optio mollitia. Id perferendis id ullam aliquid earum quos et. Repellat ut nihil repellat accusantium nam assumenda accusantium molestiae.','1999-05-30 22:43:52','1977-06-04 11:41:41'),(39,'1976-03-28 18:29:13','','Similique voluptates eos nemo sint at quaerat. Dolorem dolores repudiandae consequatur molestiae blanditiis architecto recusandae. Odit animi ducimus voluptatibus et nesciunt repudiandae. Vitae consectetur dolorem odit ut.','2005-03-31 19:52:43','2014-05-07 01:17:51'),(40,'1999-09-07 09:07:37','','Ut laudantium id culpa tempora dolorem voluptatem nihil. Aperiam dignissimos saepe et ipsa mollitia maxime qui. Enim laudantium aut autem quis aut.','1999-12-22 23:52:13','2000-01-28 11:20:25'),(41,'1990-09-08 14:28:26','','Et quo itaque aut distinctio laboriosam et culpa. Atque fuga dolorum voluptas omnis nam est iure. Possimus omnis natus nihil nihil fugit praesentium. Animi ad vel facilis alias voluptas. Laudantium consequatur reprehenderit esse ipsam fugiat vel ut.','1970-03-13 11:11:54','1983-02-04 06:31:24'),(42,'2005-12-17 03:28:40','','Sint omnis enim officia nam illum. Eveniet voluptas eius rerum itaque nobis et magni.','1970-08-17 14:14:22','2009-12-28 07:59:24'),(43,'1981-05-17 19:27:03','','Alias ipsam totam consequatur voluptatem in necessitatibus ex. Quam ut similique voluptates quia veniam ea vero omnis. Et incidunt et incidunt sit.','2017-11-12 01:39:25','1978-07-18 13:29:28'),(44,'2018-02-13 23:00:39','','Debitis asperiores magnam eum quas. Dolorum omnis pariatur doloremque vitae repudiandae est. Repudiandae laborum ipsa aspernatur autem.','1987-10-17 00:06:49','1998-04-20 20:46:25'),(45,'2000-02-24 12:16:17','','Quia sint totam autem. Aut quisquam quam recusandae sed aut necessitatibus culpa autem.','2000-06-05 14:00:19','2006-12-15 23:25:43'),(46,'1989-06-09 07:32:55','','Consequuntur neque optio quibusdam quam reprehenderit qui. Praesentium sit sed laboriosam dicta qui sint. Qui molestiae vel neque maxime ea accusantium voluptatem.','2000-09-15 19:56:51','1972-06-13 15:12:56'),(47,'2006-08-13 00:21:10','','Vel est maiores veniam id libero. Ab exercitationem quia ipsum excepturi facere accusantium quia. Et perspiciatis expedita sit ut excepturi dolorem ea. Ut praesentium voluptas est aperiam quibusdam omnis. Error cupiditate eius quia eum veniam voluptatem.','2005-05-13 11:00:02','2015-05-19 06:25:09'),(48,'1997-10-24 23:42:09','','Dolores sed voluptas est cum delectus. Est beatae quis ab voluptas quam sunt sunt voluptatem. Et qui doloribus ipsa molestiae. Et incidunt qui incidunt perferendis perferendis. Est iusto sunt cum esse quas.','1994-10-31 09:43:00','1976-06-15 13:01:09'),(49,'2019-08-17 19:28:13','','Consequatur officia et est rerum consequatur autem praesentium voluptatibus. Quos reiciendis qui a voluptatibus. Autem eos rem rerum quis.','2000-05-01 12:15:23','2015-05-09 10:26:37'),(50,'2013-06-04 16:34:46','','Dolorem tenetur at labore et rem. Natus est aperiam maiores hic rerum asperiores. Numquam amet rerum est deserunt aut aliquam veritatis.','2013-08-17 15:42:08','2018-12-06 21:10:49'),(51,'1984-09-17 05:13:06','','Nisi sed et eveniet similique dolorem quod mollitia commodi. Itaque sit maiores ad aperiam mollitia non hic totam. Eum adipisci ex alias ea. Nobis voluptas sint rem enim nobis sit in.','1992-07-13 11:55:56','2020-04-12 19:52:53'),(52,'2013-01-23 15:32:31','','Nobis dolorem eveniet at aut blanditiis voluptatem. Quam consequatur nam explicabo libero accusamus et. Rerum blanditiis consequatur eaque quia. Est quidem fugiat voluptates velit et est voluptas.','1996-07-21 06:37:23','2003-01-11 17:52:52'),(53,'1977-02-12 01:50:45','','Ut aliquam aut est et. Quo autem voluptatem sit dicta. Qui officiis doloribus mollitia optio et vel. Corporis qui aliquam in sint.','2005-10-23 04:13:44','1980-11-25 10:05:27'),(54,'1991-08-15 21:05:56','','Magni dolor et voluptas nulla aliquam est. Nostrum ipsam aut ratione deleniti nulla velit pariatur. Vitae velit possimus sint reiciendis ut sed.','1980-11-02 06:12:53','1984-06-05 11:39:33'),(55,'2010-03-29 08:31:12','','Illum repellendus ullam eaque autem. Rerum quisquam consequatur in a assumenda dolores similique. Aliquid aut laudantium sed voluptates. Architecto animi explicabo cum aut tempora ducimus totam sint.','1975-03-09 07:10:16','2001-07-07 05:40:24'),(56,'2002-09-02 07:47:06','','Quidem quam qui doloribus nesciunt dolorem asperiores. Aliquid est maiores sed perspiciatis ullam. Aut animi molestiae inventore dolor corporis.','1995-02-10 03:33:14','2010-03-31 02:39:46'),(57,'1981-03-28 15:35:53','','Eum est doloremque non porro in voluptas. Quia ut laudantium quasi qui exercitationem consectetur est est. Nobis odit doloribus atque sed.','2017-11-17 18:32:35','1980-09-08 21:54:22'),(58,'1998-09-24 19:30:22','','Ipsum quas laudantium quidem adipisci optio a. Id non totam et nemo cum id minima. Expedita ut voluptatem et ullam delectus quidem aut totam.','2016-03-29 21:55:02','2002-07-17 11:54:14'),(59,'1986-11-26 10:56:33','','Et numquam animi rerum rerum tempore et enim. Et necessitatibus ea ab aut. Blanditiis id omnis cum voluptatem praesentium. Unde exercitationem recusandae id deserunt.','1985-10-29 06:37:23','2006-05-25 09:17:27'),(60,'1985-11-04 21:29:29','','Asperiores quia maxime maxime maiores et. Reprehenderit dignissimos aut ut maxime.','2013-01-16 22:56:46','2005-05-03 02:29:24'),(61,'1981-10-25 08:25:48','','Molestiae et velit praesentium. Illo quo ducimus laudantium ea autem rerum.','2009-08-19 02:00:44','2012-08-20 07:50:09'),(62,'1995-12-07 02:16:56','','Facere quidem reiciendis cupiditate aperiam. Est dolor et magnam velit nesciunt in natus quo. Doloribus nihil repellat sed voluptatibus eligendi repudiandae autem. Officia numquam ab quas provident sint.','1976-07-01 00:54:57','2012-01-19 05:43:16'),(63,'1974-12-01 09:55:11','','Autem aut libero deleniti sit tempore molestiae. Soluta illo nulla amet placeat eligendi. Ex sed amet omnis vitae.','2004-05-25 06:23:45','2001-05-30 06:48:48'),(64,'1976-06-14 12:51:38','','Est excepturi sit iusto qui. Quibusdam quibusdam eius possimus quidem fugit ea.','2006-08-27 15:53:26','1978-11-17 07:12:38'),(65,'2015-11-09 12:47:54','','Dicta voluptas accusantium vero voluptas. Expedita omnis recusandae sed aut nihil. Unde aut laudantium et libero eos nemo magnam voluptatem. Voluptas fugit consequatur fuga et aut.','2011-01-01 18:21:45','2013-11-01 04:32:24'),(66,'2018-03-19 01:36:23','','Animi eum aliquid sed nemo nemo qui unde. Eveniet nesciunt provident nesciunt quod vitae adipisci. Incidunt unde expedita voluptate omnis quod enim.','2011-05-19 22:18:25','2010-01-03 16:28:58'),(67,'1983-04-07 20:57:37','','Accusamus qui sit sunt. Odio qui nesciunt molestias in. Quae incidunt non et dignissimos voluptatem aut. Sequi quae ut rem voluptates nihil ea exercitationem nisi.','1995-08-16 18:20:44','1984-02-05 23:14:20'),(68,'1984-10-07 11:08:52','','Fugit suscipit dolorem et ratione aut optio. Similique expedita omnis distinctio. Reprehenderit dicta et in tenetur eos aspernatur nihil. Iste accusantium quo sed nulla et.','2013-03-16 13:39:07','1975-03-11 14:28:30'),(69,'2020-01-07 23:36:22','','Soluta assumenda in accusantium sint eos harum minima. Magni vel dolores nihil quasi fugiat nobis facilis. Vitae quis ratione occaecati fuga.','2006-01-09 04:02:43','2018-09-02 05:38:38'),(70,'1998-10-27 09:25:32','','Tenetur qui illo fugiat nostrum labore exercitationem et. Et voluptatum quia quis et. Laborum dolore expedita illo cumque voluptatem.','1985-03-19 09:47:59','1978-01-22 22:56:18'),(71,'2007-04-20 07:04:30','','Ipsum eligendi asperiores aut. Facere rerum occaecati sint sapiente commodi. Eos ullam nemo pariatur incidunt enim itaque. Soluta non distinctio qui cumque ut et velit quia.','2000-01-31 13:46:41','2017-10-09 12:40:12'),(72,'2000-01-02 01:53:05','','Assumenda omnis sit est dolorem alias corporis omnis sit. Molestiae totam quis voluptate est amet et quia. Voluptas ratione assumenda eligendi nobis assumenda.','1973-03-20 03:15:35','1985-12-03 05:35:15'),(73,'1983-12-23 06:23:25','','Facere aliquam atque velit non sed et ad rem. Vitae nulla quae aperiam et rerum. Tempora ratione hic quasi totam molestiae dolorem. Et quae omnis rerum accusantium alias voluptas soluta.','1972-08-16 12:14:10','2010-08-26 23:12:40'),(74,'2004-07-14 21:39:30','','Quidem eaque dolor cumque officia ipsam repudiandae omnis. Est eum et recusandae cum fugit ipsam et. Illum laudantium neque quas id. Dicta delectus recusandae voluptatem vel.','1975-07-29 16:34:25','2008-05-23 13:54:56'),(75,'1973-03-05 13:04:50','','Sed excepturi temporibus ea tempore impedit unde occaecati. Quibusdam omnis ipsam voluptatibus exercitationem nobis doloremque. Temporibus ut nostrum doloremque.','1991-06-08 22:58:18','2013-04-28 21:34:21'),(76,'1980-05-02 12:58:29','','Pariatur atque aliquid excepturi commodi rerum. Blanditiis corporis consequatur et unde tempore ut alias. Error deleniti quisquam nobis mollitia sequi et incidunt voluptatibus. Nesciunt animi nisi omnis nulla quae in quo. Et ipsum beatae possimus pariatur nulla sit vel.','2004-12-22 02:43:31','2011-06-18 03:27:10'),(77,'2020-04-20 02:16:30','','Et ea quo sit dolore iusto. Rerum omnis dignissimos et doloribus recusandae placeat ducimus. Rerum doloremque deserunt dignissimos explicabo.','1993-05-14 00:13:50','1973-02-04 05:10:46'),(78,'1972-11-22 10:52:37','','Exercitationem itaque quisquam ipsa facilis laboriosam. Mollitia similique dolore harum. Dolorum enim illo ab eum tenetur sit.','2003-12-11 04:02:38','2020-03-01 12:35:48'),(79,'1994-12-24 22:57:39','','Laboriosam totam consequuntur dignissimos rerum. Eum et libero ut officiis quis voluptas itaque. Facilis soluta molestiae alias aut culpa. Praesentium magni rem omnis quibusdam qui.','1988-08-15 10:04:03','2008-05-24 18:47:23'),(80,'2001-12-05 01:45:27','','Dolor veniam dolorem cum numquam necessitatibus dolores. Esse quibusdam voluptas et est voluptatem deserunt quas. Nulla et qui in veritatis. Sed incidunt ut voluptate est.','2019-05-29 19:50:33','1972-09-07 20:06:52'),(81,'1979-08-10 18:02:18','','Iure consequuntur vero deleniti laborum soluta neque cumque iusto. Eius delectus facilis unde alias.','2010-11-07 07:14:37','2017-01-16 14:10:43'),(82,'1984-03-14 20:20:13','','Est sint fuga consequatur. Porro ut soluta possimus maiores blanditiis sint ut. Minus voluptatem molestiae pariatur et facere maiores molestiae non. Praesentium earum nam tenetur officia enim ut. Aut id eum rerum aperiam.','2010-01-01 08:21:37','1981-02-13 11:43:10'),(83,'1974-05-26 13:27:30','','Debitis sed non et qui iste voluptate rerum. Perferendis quia reiciendis eum aut tempora. Totam eaque et beatae facere assumenda qui.','2015-11-04 17:46:52','1991-02-05 01:36:38'),(84,'2011-06-01 02:09:53','','Sit nulla accusantium omnis doloremque ducimus nisi qui voluptatum. Aspernatur sunt voluptas explicabo sequi minima. Et rerum laudantium voluptatem libero. Sed laborum temporibus a et officia.','2010-07-20 02:03:47','2015-11-02 20:01:00'),(85,'2013-03-07 23:54:15','','Vitae et minus voluptas ut assumenda dolorem enim qui. Enim incidunt esse repudiandae animi. Possimus provident vitae dicta debitis.','2008-05-26 09:07:25','1994-06-13 23:06:23'),(86,'2004-08-24 21:37:11','','Et enim et assumenda consequatur aut itaque. Dolor sit dolores et ducimus. Et voluptatem qui debitis omnis dignissimos laboriosam.','1975-11-18 16:58:33','1970-04-09 23:55:22'),(87,'1993-09-28 19:34:30','','Tenetur distinctio amet ipsam velit sed aut accusamus. Atque qui est est consequatur distinctio architecto quaerat nobis. Velit deserunt quia magnam modi eos voluptatem culpa voluptatem. Consectetur perspiciatis dignissimos molestiae ad similique molestias vero. Sint omnis quam autem possimus.','2017-05-15 12:31:53','1985-06-28 12:17:50'),(88,'2011-06-08 05:10:33','','Harum voluptate id facere mollitia dolorum soluta. Non odio aut adipisci deleniti laudantium. Culpa reiciendis et in. Nobis voluptas qui ad eos.','1981-07-28 08:27:08','2005-08-06 23:38:36'),(89,'2015-12-25 03:32:47','','Odio qui nobis veritatis. Nesciunt voluptate pariatur aspernatur minima culpa. Nesciunt possimus qui in et. Aut totam aperiam omnis.','2007-07-14 22:47:15','1998-09-13 06:45:25'),(90,'1989-10-09 15:06:42','','Laboriosam molestiae magni accusamus ipsum. Voluptatibus laudantium perferendis doloribus eaque sed voluptatem. Provident quia sit distinctio.','2000-08-30 19:36:49','2019-08-04 10:27:37'),(91,'1977-01-20 12:13:52','','Laudantium sint est dolorem nesciunt dolorem odio. Non doloremque mollitia optio accusantium qui. Eos eveniet eveniet impedit rerum saepe.','1996-09-22 04:06:14','1978-07-10 02:53:03'),(92,'2000-02-17 13:06:33','','Saepe quod repellendus a aut culpa consequatur eaque. Voluptatum sit possimus placeat enim. Enim maxime est et iste. Inventore incidunt inventore laudantium vel iusto cum et ullam.','2010-06-05 04:00:53','1978-05-06 11:43:15'),(93,'2015-07-21 08:05:23','','Voluptatem et adipisci autem illum enim aspernatur dolorem. Aut provident ipsa quia tempore qui at repellat sapiente. Repellat illo perspiciatis dolorum sequi minima. Cum laborum quis veritatis sunt.','1975-02-25 21:20:22','1980-11-03 10:08:53'),(94,'2006-01-14 07:05:58','','Libero sit soluta architecto ipsam distinctio sit aut. Nostrum eius expedita consequatur mollitia et sit fuga. Reiciendis tenetur non autem eligendi aperiam maiores. Ratione neque nemo est cumque consequatur facilis.','2019-08-05 06:08:21','2011-03-29 07:07:54'),(95,'1974-08-27 11:00:38','','Doloremque officia debitis suscipit eveniet. Eos amet dolor delectus laudantium necessitatibus qui architecto. Sit at aliquam maxime aliquam. Architecto perspiciatis distinctio nihil delectus. Rem eius voluptas ratione et amet.','1987-05-05 08:20:27','2010-11-15 08:12:41'),(96,'1979-11-02 16:34:26','','Omnis ut perspiciatis iusto laborum alias animi. Labore voluptate illum eius totam architecto.','2002-05-06 11:32:08','1984-06-04 16:39:41'),(97,'1999-08-26 05:28:36','','Qui fuga et dignissimos consequatur et non. Ea quas laudantium a deserunt consectetur. Sed qui deleniti et dolorem voluptates. Et ut soluta possimus consequatur eos.','2018-03-22 02:41:18','1981-07-26 00:07:19'),(98,'2020-02-06 23:08:39','','Sit et suscipit officia natus. Nihil ut nam qui atque. Suscipit ipsa sunt saepe. Tempore occaecati et magnam repellendus nam possimus quia.','2011-06-05 05:44:11','2008-11-19 08:20:36'),(99,'2012-07-17 06:56:46','','Et doloribus aut voluptates quisquam porro perspiciatis ullam. Omnis saepe non et consequatur unde consequatur. Commodi ut ut et quaerat.','1985-07-12 14:39:08','1984-08-08 14:05:24'),(100,'2016-12-03 19:16:27','','Architecto sit error et vitae aperiam est at. Expedita doloribus nam animi accusamus quaerat eos culpa debitis. Cumque et ducimus expedita labore aut distinctio. Maiores ut rem aperiam et repellendus quia. Veritatis voluptatem consectetur et modi sequi.','2015-01-04 05:03:03','1987-02-02 01:50:29');
/*!40000 ALTER TABLE `review` ENABLE KEYS */;
UNLOCK TABLES;

--
-- Table structure for table `schedule`
--

DROP TABLE IF EXISTS `schedule`;
/*!40101 SET @saved_cs_client     = @@character_set_client */;
/*!50503 SET character_set_client = utf8mb4 */;
CREATE TABLE `schedule` (
  `id` int unsigned NOT NULL AUTO_INCREMENT COMMENT 'Идентификатор строки',
  `serial_id` int unsigned NOT NULL COMMENT 'Ссылка место видеофайла',
  `release_date` datetime DEFAULT NULL COMMENT 'Дата выхода',
  `created_at` datetime DEFAULT CURRENT_TIMESTAMP COMMENT 'Время создания строки',
  `updated_at` datetime DEFAULT CURRENT_TIMESTAMP ON UPDATE CURRENT_TIMESTAMP COMMENT 'Время обновления строки',
  PRIMARY KEY (`id`),
  KEY `notification_fk_serial_id` (`serial_id`),
  CONSTRAINT `schedule_fk_serial_id` FOREIGN KEY (`serial_id`) REFERENCES `serials` (`id`)
) ENGINE=InnoDB AUTO_INCREMENT=101 DEFAULT CHARSET=utf8mb4 COLLATE=utf8mb4_0900_ai_ci;
/*!40101 SET character_set_client = @saved_cs_client */;

--
-- Dumping data for table `schedule`
--

LOCK TABLES `schedule` WRITE;
/*!40000 ALTER TABLE `schedule` DISABLE KEYS */;
INSERT INTO `schedule` VALUES (1,1,'2001-10-10 00:15:51','2001-04-08 23:10:27','1971-10-02 23:24:55'),(2,2,'1996-07-01 17:25:02','2012-08-25 06:11:07','1978-01-25 13:33:50'),(3,3,'2012-09-22 02:38:06','1983-10-02 09:00:35','2017-02-20 08:05:41'),(4,4,'1971-03-01 02:58:41','1978-12-20 09:41:36','2003-11-14 02:37:14'),(5,5,'1973-12-17 21:40:24','1980-08-15 04:58:35','1988-12-22 05:28:14'),(6,6,'2007-06-29 12:30:23','1979-08-07 12:29:35','2019-01-24 03:02:38'),(7,7,'2008-04-14 20:02:01','1975-05-09 17:53:51','1984-04-08 17:31:15'),(8,8,'1975-10-14 18:37:25','1984-11-03 09:22:56','1999-01-25 06:24:27'),(9,9,'2000-02-22 23:43:56','1991-04-06 04:20:00','1985-04-26 22:48:39'),(10,10,'1992-03-01 13:18:37','1985-06-19 01:59:35','2018-02-17 22:20:03'),(11,11,'2008-05-13 23:30:02','2016-07-11 00:49:10','1998-02-08 19:49:55'),(12,12,'2005-12-01 22:52:02','1979-08-23 03:49:53','1974-10-27 23:53:31'),(13,13,'2001-10-10 01:25:07','1988-08-09 13:40:03','1985-01-25 22:02:57'),(14,14,'2009-05-11 21:52:46','1980-04-22 20:43:08','1996-08-12 01:53:26'),(15,15,'2008-01-06 00:43:24','2000-03-20 05:14:37','1996-06-24 08:53:53'),(16,16,'2005-06-05 18:54:07','1977-09-30 00:00:42','1982-08-20 07:37:55'),(17,17,'1980-05-13 20:45:53','2013-12-30 02:34:35','2008-01-27 16:50:42'),(18,18,'2008-10-03 16:21:17','2006-05-21 20:33:44','1981-09-09 17:19:10'),(19,19,'1985-08-31 05:58:56','2002-12-14 02:30:01','1971-08-10 02:34:07'),(20,20,'1997-07-14 08:37:40','1983-06-17 10:05:30','1999-04-28 03:13:22'),(21,21,'1998-04-26 04:03:31','2009-05-30 15:13:23','2007-10-16 21:59:44'),(22,22,'2007-10-19 12:30:31','1994-04-25 14:33:08','2000-06-14 12:03:41'),(23,23,'1985-09-09 18:36:02','1987-05-12 03:17:00','2000-11-21 15:46:50'),(24,24,'2013-03-29 05:37:12','1992-09-23 04:13:40','1975-06-15 21:36:03'),(25,25,'1972-09-07 06:02:33','1987-02-25 20:32:56','1989-04-24 10:52:30'),(26,26,'2019-09-05 07:49:10','2002-10-04 17:02:36','1980-08-28 22:59:09'),(27,27,'1989-05-20 15:50:01','1999-01-27 01:49:39','1991-03-04 07:28:01'),(28,28,'2013-06-20 13:12:29','1974-08-01 01:59:08','2007-11-25 16:59:31'),(29,29,'2006-03-13 17:28:43','1982-10-04 20:44:05','2016-01-05 18:20:34'),(30,30,'2012-01-10 05:22:50','1982-06-17 02:16:30','2007-08-21 10:05:21'),(31,31,'2004-08-13 16:00:16','2015-05-28 03:44:11','2016-10-31 20:16:13'),(32,32,'1997-02-12 09:18:34','1980-03-29 21:12:00','2014-05-16 14:12:27'),(33,33,'1997-04-18 05:07:09','2009-07-29 04:51:50','1971-12-07 19:47:58'),(34,34,'1998-11-27 04:23:06','1993-01-03 23:06:40','1990-07-22 15:55:14'),(35,35,'1978-03-24 08:43:06','2013-04-21 13:37:49','2013-04-03 02:27:19'),(36,36,'1971-06-18 16:48:06','1972-09-03 08:23:29','1982-12-10 01:15:08'),(37,37,'1986-07-10 14:55:07','2008-06-22 07:15:25','2006-10-26 15:06:35'),(38,38,'1976-11-27 16:35:40','1973-03-27 17:30:08','2002-02-05 18:34:22'),(39,39,'2011-02-14 22:01:49','2014-09-09 06:59:08','1998-05-31 23:34:51'),(40,40,'1982-03-04 18:17:37','2019-06-04 08:11:00','2012-12-30 06:39:38'),(41,41,'1970-04-02 17:14:45','1997-11-27 22:05:57','2007-01-30 16:32:17'),(42,42,'1970-07-13 03:42:12','2015-08-02 12:47:05','1973-02-25 04:36:13'),(43,43,'1988-05-22 06:55:27','1991-10-28 05:38:43','1977-01-16 09:06:08'),(44,44,'1988-05-15 02:24:20','1988-12-27 09:05:37','2017-10-02 15:10:54'),(45,45,'2011-06-28 12:31:43','1975-10-05 11:51:17','1982-05-08 15:02:26'),(46,46,'2008-03-05 20:09:07','2005-05-29 04:09:54','1993-09-08 09:28:25'),(47,47,'2010-12-01 09:48:20','1981-07-02 09:38:48','1994-04-20 23:08:37'),(48,48,'2008-12-31 23:41:36','1995-10-29 17:55:21','2008-11-19 05:30:44'),(49,49,'1978-08-23 19:47:08','1993-08-28 00:45:32','1974-06-22 04:12:59'),(50,50,'1991-09-02 05:05:35','1978-07-05 20:07:20','2018-02-05 14:36:47'),(51,51,'2008-08-23 09:24:15','1987-07-13 13:24:06','2011-12-12 21:19:16'),(52,52,'2002-12-21 21:37:00','1987-04-28 17:52:16','1977-02-24 22:55:15'),(53,53,'2020-04-04 17:56:04','2011-07-11 01:51:50','1993-11-19 02:30:27'),(54,54,'1972-02-03 02:40:28','1988-04-16 18:22:56','2002-06-09 17:30:05'),(55,55,'2020-11-16 03:07:54','1990-04-06 04:50:44','2005-02-02 23:10:25'),(56,56,'1976-05-31 03:28:03','2020-12-25 19:10:35','2019-11-30 08:51:11'),(57,57,'1976-08-05 14:42:11','1993-03-13 10:50:13','1972-04-01 20:36:16'),(58,58,'2019-10-02 13:44:45','2016-04-01 10:47:42','1985-01-15 21:53:21'),(59,59,'1970-07-08 07:17:41','2004-01-01 14:39:40','1982-02-02 03:58:47'),(60,60,'1970-03-28 01:27:18','2016-05-02 13:35:21','1988-10-10 08:41:13'),(61,61,'1980-02-11 05:00:10','1991-12-08 22:54:45','2008-01-16 18:56:54'),(62,62,'2003-01-11 00:06:04','1985-09-20 03:59:54','2017-11-15 03:44:08'),(63,63,'2007-05-26 08:43:50','1981-08-23 16:22:05','1987-09-04 00:49:39'),(64,64,'2017-01-25 03:06:07','1985-07-13 18:49:26','1997-11-29 09:09:17'),(65,65,'1999-01-14 20:51:45','2001-07-20 23:54:00','1989-03-31 21:58:54'),(66,66,'1974-08-03 00:39:15','1997-08-08 03:44:53','2012-06-28 13:05:44'),(67,67,'1983-05-14 12:44:40','1978-07-09 09:40:47','2005-05-12 08:18:05'),(68,68,'1988-08-31 15:54:18','2001-06-20 09:56:27','1992-07-24 12:45:16'),(69,69,'1975-12-30 07:30:18','1985-08-28 01:55:46','2011-03-09 21:45:41'),(70,70,'1986-10-18 22:59:58','2002-11-03 18:46:17','1998-10-04 06:30:57'),(71,71,'1980-05-07 19:40:01','1975-03-27 02:43:55','2006-06-04 07:10:51'),(72,72,'2004-07-10 21:39:38','2005-03-21 14:32:33','2011-06-11 00:24:44'),(73,73,'1984-11-14 08:00:32','1974-12-16 06:27:33','2003-03-11 10:55:22'),(74,74,'1980-12-21 18:32:32','2020-01-24 00:39:44','1982-09-23 20:50:44'),(75,75,'2001-01-06 22:51:11','1989-10-19 17:26:00','1999-03-01 06:23:01'),(76,76,'2009-03-25 16:48:01','1980-11-25 15:40:24','2007-01-24 15:42:40'),(77,77,'1999-06-21 20:22:50','2015-02-20 07:44:33','1989-12-07 06:48:26'),(78,78,'1971-10-13 06:28:36','2001-10-07 19:34:58','1970-08-06 11:06:10'),(79,79,'1985-08-07 00:22:51','1996-05-17 10:07:27','1981-01-06 08:10:02'),(80,80,'2018-06-18 21:47:34','1971-01-10 16:45:03','2002-02-06 21:11:33'),(81,81,'2020-01-18 01:47:16','2021-04-09 09:02:59','1992-11-05 17:59:29'),(82,82,'1994-07-10 10:26:57','2005-05-04 13:52:46','1990-08-03 17:54:29'),(83,83,'1999-05-05 11:36:53','1995-10-03 22:48:27','1971-08-18 17:40:13'),(84,84,'1971-03-19 11:08:26','1996-09-17 02:04:38','1977-07-06 20:03:55'),(85,85,'2016-12-07 18:49:53','2001-09-26 19:39:20','2004-01-12 18:00:57'),(86,86,'1995-06-27 02:13:47','1981-04-18 06:35:20','2014-05-02 15:12:58'),(87,87,'2020-01-06 09:24:09','2011-05-15 13:26:21','2005-07-31 13:40:25'),(88,88,'2017-04-30 05:13:15','1982-02-06 13:50:58','2019-12-16 00:42:00'),(89,89,'1975-03-30 21:06:09','1989-05-24 01:08:48','2014-03-18 03:48:03'),(90,90,'2005-07-25 08:41:09','1984-11-10 19:21:29','1970-05-30 20:33:41'),(91,91,'2007-10-11 22:49:51','1995-07-04 08:30:21','1984-08-05 22:08:34'),(92,92,'1970-11-26 17:33:33','2010-01-21 22:15:05','2008-03-17 03:33:39'),(93,93,'2003-12-20 01:03:50','1978-08-20 01:26:50','2004-11-29 02:27:47'),(94,94,'2015-03-31 10:26:15','2007-07-06 18:10:03','1978-11-29 22:06:40'),(95,95,'1994-02-18 19:34:17','1981-10-30 19:42:21','2002-05-08 11:17:36'),(96,96,'1994-08-10 00:51:49','2018-11-08 01:49:44','2003-04-19 09:52:19'),(97,97,'2002-05-13 11:06:51','2003-12-21 23:20:46','1983-02-24 10:12:59'),(98,98,'1997-12-21 01:40:43','1992-01-01 07:51:11','1987-01-27 15:04:50'),(99,99,'2015-06-06 15:27:17','1980-08-08 14:06:19','1984-11-22 22:59:39'),(100,100,'2013-05-11 00:20:17','1994-03-07 12:43:05','1990-12-16 12:44:35');
/*!40000 ALTER TABLE `schedule` ENABLE KEYS */;
UNLOCK TABLES;

--
-- Table structure for table `serials`
--

DROP TABLE IF EXISTS `serials`;
/*!40101 SET @saved_cs_client     = @@character_set_client */;
/*!50503 SET character_set_client = utf8mb4 */;
CREATE TABLE `serials` (
  `id` int unsigned NOT NULL AUTO_INCREMENT COMMENT 'Идентификатор строки',
  `news_id` int unsigned NOT NULL COMMENT 'Ссылка на новости',
  `review_id` int unsigned NOT NULL COMMENT 'Ссылка на описание',
  `serial_name` varchar(100) CHARACTER SET utf8mb4 COLLATE utf8mb4_unicode_ci NOT NULL COMMENT 'Название сериала',
  `season_name` varchar(100) CHARACTER SET utf8mb4 COLLATE utf8mb4_unicode_ci NOT NULL COMMENT 'Название сезона',
  `epizode_name` varchar(100) CHARACTER SET utf8mb4 COLLATE utf8mb4_unicode_ci NOT NULL COMMENT 'Название эпизода',
  `created_at` datetime DEFAULT CURRENT_TIMESTAMP COMMENT 'Время создания строки',
  `updated_at` datetime DEFAULT CURRENT_TIMESTAMP ON UPDATE CURRENT_TIMESTAMP COMMENT 'Время обновления строки',
  PRIMARY KEY (`id`),
  KEY `serials_fk_news_id` (`news_id`),
  KEY `serials_fk_review_id` (`review_id`),
  CONSTRAINT `notification_fk_news_id` FOREIGN KEY (`news_id`) REFERENCES `news` (`id`),
  CONSTRAINT `notification_fk_review_id` FOREIGN KEY (`review_id`) REFERENCES `review` (`id`)
) ENGINE=InnoDB AUTO_INCREMENT=101 DEFAULT CHARSET=utf8mb4 COLLATE=utf8mb4_0900_ai_ci;
/*!40101 SET character_set_client = @saved_cs_client */;

--
-- Dumping data for table `serials`
--

LOCK TABLES `serials` WRITE;
/*!40000 ALTER TABLE `serials` DISABLE KEYS */;
INSERT INTO `serials` VALUES (1,1,1,'rerum','repellendus','numquam','2019-04-08 03:49:18','1996-07-08 23:30:27'),(2,2,2,'placeat','quidem','ipsum','1971-01-04 01:14:56','1976-01-08 04:19:20'),(3,3,3,'ad','et','animi','2019-05-24 12:43:53','1999-10-05 23:32:47'),(4,4,4,'rem','est','sint','2014-10-08 21:48:47','2008-09-25 10:44:06'),(5,5,5,'in','a','velit','1987-10-12 13:00:59','2008-01-30 12:59:26'),(6,6,6,'vel','eum','assumenda','1971-01-18 02:32:21','2013-04-19 08:15:58'),(7,7,7,'aliquid','voluptas','aut','1996-08-13 22:34:32','2012-10-09 21:11:00'),(8,8,8,'est','ut','nihil','1981-05-20 06:26:45','1987-09-13 13:31:22'),(9,9,9,'nobis','doloribus','consequatur','2007-04-30 06:22:11','2001-10-28 22:13:48'),(10,10,10,'consequatur','accusantium','dolorem','1972-12-03 20:03:47','2017-03-12 11:31:19'),(11,11,11,'cupiditate','repellendus','qui','1986-04-23 18:20:39','2004-02-25 02:23:59'),(12,12,12,'sunt','rerum','numquam','2019-03-18 04:06:38','2014-08-25 10:11:23'),(13,13,13,'provident','qui','voluptatem','2014-01-20 11:03:11','1984-08-17 06:27:29'),(14,14,14,'et','tempore','aut','1998-06-23 05:27:04','2019-01-14 12:08:45'),(15,15,15,'ex','voluptas','ipsa','2004-09-15 08:56:06','1989-07-01 07:53:12'),(16,16,16,'voluptas','esse','fugit','1998-02-16 19:21:38','2003-09-09 09:08:49'),(17,17,17,'sit','natus','similique','1985-11-01 11:49:05','1986-06-12 01:41:01'),(18,18,18,'fugit','enim','eveniet','2000-03-29 00:36:12','2020-12-27 08:44:48'),(19,19,19,'maiores','deserunt','animi','2007-03-22 09:00:36','2010-08-07 17:36:05'),(20,20,20,'quae','laboriosam','odio','1981-11-01 04:37:02','2004-03-30 00:08:48'),(21,21,21,'accusamus','porro','doloribus','2012-08-01 22:49:08','1984-08-03 18:06:27'),(22,22,22,'tenetur','in','quisquam','2016-10-04 21:42:42','1987-03-20 00:11:45'),(23,23,23,'praesentium','corporis','velit','1992-04-20 05:50:50','2004-08-13 11:44:23'),(24,24,24,'quod','a','et','2008-08-27 07:21:24','1997-06-22 23:09:11'),(25,25,25,'autem','facere','aut','1974-01-03 21:47:55','1998-06-02 19:18:45'),(26,26,26,'quos','accusamus','sed','1981-04-17 02:56:07','1995-12-07 06:53:25'),(27,27,27,'et','qui','et','1989-02-09 05:45:45','1983-01-12 15:33:06'),(28,28,28,'voluptas','odit','suscipit','1996-05-31 06:49:14','2003-04-28 09:01:39'),(29,29,29,'reprehenderit','quia','velit','2010-08-24 00:31:32','1977-02-21 10:17:30'),(30,30,30,'est','exercitationem','eos','1995-06-08 19:45:48','2018-04-07 14:14:54'),(31,31,31,'ullam','dolores','adipisci','2005-05-11 22:15:32','1989-07-30 07:05:59'),(32,32,32,'totam','officiis','illum','2013-07-04 07:17:53','1985-03-19 15:07:41'),(33,33,33,'libero','voluptatem','ut','1978-05-12 09:50:09','1995-12-12 11:53:02'),(34,34,34,'explicabo','repellendus','et','2006-10-21 17:06:32','2018-10-22 10:10:19'),(35,35,35,'sed','ea','velit','1987-11-09 17:01:49','1991-11-02 01:50:37'),(36,36,36,'natus','voluptas','vel','1990-01-11 19:06:55','1983-10-22 14:17:16'),(37,37,37,'dolores','et','ut','2013-01-30 19:47:50','1980-10-05 19:11:20'),(38,38,38,'quidem','impedit','occaecati','1980-09-16 21:43:33','1981-08-04 13:01:54'),(39,39,39,'qui','culpa','natus','2018-10-05 23:02:17','1973-06-28 00:07:48'),(40,40,40,'molestiae','aspernatur','illum','1994-02-04 05:53:59','1995-05-27 18:21:10'),(41,41,41,'eum','officiis','vero','2001-10-05 13:47:28','1986-04-23 07:23:32'),(42,42,42,'eligendi','et','sit','1979-07-15 09:45:05','1999-01-31 08:09:27'),(43,43,43,'consectetur','quis','assumenda','1973-10-04 19:29:42','1988-04-27 05:55:03'),(44,44,44,'consequuntur','quis','error','1980-09-26 12:04:32','1982-02-22 17:15:29'),(45,45,45,'accusamus','vel','inventore','1991-11-18 17:26:55','2011-05-18 23:34:41'),(46,46,46,'unde','aut','ipsam','1972-06-19 06:05:25','1984-12-25 17:16:06'),(47,47,47,'ex','sed','corrupti','2015-03-24 01:33:19','2000-01-01 21:08:03'),(48,48,48,'vel','eos','commodi','2001-09-07 03:46:25','1975-01-15 01:11:31'),(49,49,49,'dolor','sunt','id','1979-02-23 07:55:08','1984-11-28 11:24:29'),(50,50,50,'aliquid','et','ea','1970-06-03 08:40:21','1996-03-10 03:34:31'),(51,51,51,'consequatur','qui','et','1982-12-02 11:03:55','1978-12-20 15:47:42'),(52,52,52,'id','enim','quia','1980-08-18 06:58:09','1995-01-30 19:45:30'),(53,53,53,'sunt','magnam','et','2007-04-14 05:15:32','2014-02-20 12:00:30'),(54,54,54,'similique','ad','dolor','1976-01-28 08:26:51','1998-08-25 11:27:10'),(55,55,55,'nihil','sint','totam','1996-11-13 04:34:36','2007-11-29 13:25:25'),(56,56,56,'unde','qui','consequuntur','1975-06-20 15:57:30','2019-04-22 14:37:32'),(57,57,57,'aspernatur','voluptatem','cupiditate','1970-01-20 16:29:18','1974-01-01 10:36:09'),(58,58,58,'mollitia','molestias','illum','2001-07-01 07:49:33','1971-03-25 17:53:43'),(59,59,59,'aut','eos','dolores','1979-08-28 02:20:38','2006-07-22 10:07:53'),(60,60,60,'sit','et','quia','2007-05-19 18:15:00','1985-07-04 17:52:00'),(61,61,61,'deserunt','magni','voluptates','1970-08-04 01:49:40','1995-08-29 03:56:16'),(62,62,62,'inventore','tempora','modi','2012-09-04 10:43:46','1980-05-13 21:06:46'),(63,63,63,'est','aperiam','vitae','1972-07-28 19:58:25','1982-02-11 21:27:50'),(64,64,64,'ut','tempora','veniam','1983-09-19 11:43:42','1991-03-21 09:44:01'),(65,65,65,'quia','facere','quaerat','1983-11-08 19:09:49','1975-05-25 19:53:06'),(66,66,66,'aspernatur','aut','ea','2004-12-02 09:43:47','2000-11-04 17:11:10'),(67,67,67,'autem','eius','dolores','1984-01-25 14:02:17','2020-11-02 10:56:36'),(68,68,68,'eos','odit','et','2003-11-27 03:03:43','1985-07-22 11:23:17'),(69,69,69,'quaerat','quisquam','earum','1986-05-01 20:30:38','1970-10-29 03:45:18'),(70,70,70,'ipsam','corrupti','commodi','2000-10-23 18:43:04','1971-11-23 14:13:23'),(71,71,71,'labore','similique','id','2007-07-01 22:35:13','1989-01-12 03:13:40'),(72,72,72,'voluptas','deleniti','sed','1989-10-22 15:02:08','1985-04-15 12:48:59'),(73,73,73,'inventore','magni','quam','1974-12-11 07:39:35','2011-02-09 22:03:58'),(74,74,74,'a','voluptate','eius','1995-10-08 21:41:47','2002-07-29 15:58:16'),(75,75,75,'repellat','ut','aut','2001-01-24 16:06:26','2012-12-07 02:32:11'),(76,76,76,'qui','veritatis','voluptas','2001-06-15 13:06:45','1985-11-17 11:20:34'),(77,77,77,'sed','distinctio','quia','1990-04-11 12:41:38','2011-11-10 00:49:06'),(78,78,78,'et','sed','ducimus','2005-03-15 12:29:46','1989-12-25 18:31:44'),(79,79,79,'rem','repellat','qui','1985-12-10 10:49:31','1998-01-20 05:10:13'),(80,80,80,'placeat','vel','molestiae','1971-05-05 07:43:55','2007-09-30 17:06:12'),(81,81,81,'non','eligendi','sequi','1999-12-12 02:10:36','1994-05-07 08:37:24'),(82,82,82,'debitis','rem','neque','2017-07-27 21:05:45','1995-10-23 08:28:02'),(83,83,83,'et','nihil','ratione','2013-05-12 20:20:41','1994-06-28 12:36:37'),(84,84,84,'nesciunt','nostrum','quo','2000-08-01 15:33:33','2000-11-13 18:06:38'),(85,85,85,'accusamus','vel','laborum','2002-09-18 20:32:08','1992-07-08 12:43:22'),(86,86,86,'sapiente','blanditiis','ex','1992-12-07 18:48:47','1978-12-24 16:55:32'),(87,87,87,'maiores','et','laudantium','1985-01-18 20:18:36','2001-09-25 12:41:18'),(88,88,88,'adipisci','saepe','non','2018-06-05 08:59:16','2001-03-12 11:43:53'),(89,89,89,'id','autem','saepe','1981-04-18 14:39:33','2011-01-23 10:46:19'),(90,90,90,'autem','eveniet','enim','2014-09-25 12:18:43','2013-02-09 18:13:19'),(91,91,91,'fugit','id','asperiores','2016-03-23 09:13:16','2005-01-16 18:45:10'),(92,92,92,'asperiores','fugiat','consectetur','2005-01-20 18:29:30','1998-08-23 08:18:46'),(93,93,93,'voluptas','ad','ab','1980-09-20 20:07:02','1981-07-02 14:05:46'),(94,94,94,'aut','et','adipisci','2010-04-15 03:51:16','1974-10-06 21:52:45'),(95,95,95,'iste','laboriosam','sequi','1985-01-22 23:26:48','1981-01-24 20:55:45'),(96,96,96,'consequuntur','quo','vitae','1988-04-17 11:51:28','2012-03-17 15:02:22'),(97,97,97,'asperiores','velit','sed','2002-10-01 00:25:36','2018-10-12 13:46:22'),(98,98,98,'inventore','nisi','voluptas','2011-07-11 05:01:46','2009-07-24 01:09:01'),(99,99,99,'dolores','sequi','enim','2003-08-13 13:36:30','2020-04-17 16:10:00'),(100,100,100,'cum','quae','itaque','2003-01-01 00:26:59','1986-05-21 18:31:46');
/*!40000 ALTER TABLE `serials` ENABLE KEYS */;
UNLOCK TABLES;

--
-- Table structure for table `users`
--

DROP TABLE IF EXISTS `users`;
/*!40101 SET @saved_cs_client     = @@character_set_client */;
/*!50503 SET character_set_client = utf8mb4 */;
CREATE TABLE `users` (
  `id` int unsigned NOT NULL AUTO_INCREMENT COMMENT 'Идентификатор строки',
  `email` varchar(100) CHARACTER SET utf8mb4 COLLATE utf8mb4_unicode_ci NOT NULL COMMENT 'Почта',
  `created_at` datetime DEFAULT CURRENT_TIMESTAMP COMMENT 'Время создания строки',
  `updated_at` datetime DEFAULT CURRENT_TIMESTAMP ON UPDATE CURRENT_TIMESTAMP COMMENT 'Время обновления строки',
  PRIMARY KEY (`id`),
  UNIQUE KEY `email` (`email`)
) ENGINE=InnoDB AUTO_INCREMENT=101 DEFAULT CHARSET=utf8mb4 COLLATE=utf8mb4_0900_ai_ci;
/*!40101 SET character_set_client = @saved_cs_client */;

--
-- Dumping data for table `users`
--

LOCK TABLES `users` WRITE;
/*!40000 ALTER TABLE `users` DISABLE KEYS */;
INSERT INTO `users` VALUES (1,'dagmar33@example.com','1993-01-20 15:01:03','1975-02-12 06:20:58'),(2,'marlen58@example.org','2001-06-24 12:19:42','1986-02-27 15:39:23'),(3,'rau.cristian@example.com','2018-04-25 22:58:33','1989-04-24 13:50:31'),(4,'josie11@example.net','1995-12-11 20:05:40','1976-10-17 02:00:40'),(5,'susan41@example.com','2014-08-09 22:49:10','2003-07-19 06:47:08'),(6,'rkoepp@example.com','1994-04-21 00:06:40','1995-05-18 14:47:09'),(7,'mcdermott.garnet@example.com','1980-03-03 22:54:52','1983-12-21 22:22:49'),(8,'freilly@example.com','2010-11-21 18:59:08','1994-02-27 20:15:43'),(9,'ruben35@example.com','1999-01-06 19:19:30','1997-03-12 08:56:00'),(10,'dominic.ratke@example.org','1987-05-20 14:37:38','1977-02-12 08:28:56'),(11,'aabernathy@example.net','2011-05-17 22:26:54','1974-10-16 18:24:34'),(12,'hoppe.christiana@example.org','1982-07-30 01:20:51','1987-10-17 18:26:48'),(13,'schuppe.fredy@example.com','2005-12-29 01:46:29','1989-03-10 11:31:39'),(14,'ashly.quigley@example.net','1981-05-10 23:24:52','1991-01-08 01:13:16'),(15,'towne.golda@example.org','1971-10-02 12:44:23','1973-07-14 14:39:09'),(16,'freeman.metz@example.net','1976-05-12 11:24:07','2012-05-20 17:31:12'),(17,'sandy63@example.org','2016-01-21 09:28:17','1994-04-26 07:32:08'),(18,'shanahan.natalia@example.net','2011-02-04 16:47:17','2005-06-10 04:59:22'),(19,'letha.kshlerin@example.net','1995-10-15 18:10:39','1971-07-26 12:11:32'),(20,'dietrich.dariana@example.com','1991-11-19 17:21:37','2005-07-09 11:06:54'),(21,'bergstrom.henri@example.com','1981-04-07 06:11:22','1982-07-07 14:51:37'),(22,'hammes.jermaine@example.org','2003-06-25 02:41:49','1997-07-08 20:57:43'),(23,'magali.koepp@example.com','1988-06-09 04:39:39','2001-05-12 09:11:10'),(24,'hermiston.viva@example.org','2014-05-12 22:27:54','2013-02-20 16:12:45'),(25,'josephine83@example.com','1985-12-30 13:29:43','1998-07-17 12:53:12'),(26,'bkrajcik@example.org','2014-10-08 05:20:37','1998-09-06 06:19:31'),(27,'littel.alec@example.net','2002-06-19 01:48:23','1986-11-15 04:28:33'),(28,'ron24@example.com','1976-03-19 08:00:50','2005-12-24 12:41:56'),(29,'mueller.stefanie@example.com','2009-06-07 01:00:17','1993-11-26 11:14:23'),(30,'ellsworth82@example.com','1981-02-28 01:30:54','2003-09-01 20:06:08'),(31,'mdurgan@example.net','1979-12-22 14:23:27','1997-01-24 15:23:26'),(32,'denesik.alisha@example.com','1992-12-13 13:53:00','1996-06-25 21:20:32'),(33,'eduardo20@example.com','1988-02-09 04:40:10','1986-11-11 18:16:30'),(34,'kayli34@example.org','1994-01-17 06:18:20','2007-07-15 07:14:01'),(35,'echristiansen@example.org','1975-03-19 06:31:19','2010-01-04 17:05:39'),(36,'nya81@example.com','2014-10-18 08:53:39','2004-07-29 22:24:23'),(37,'blubowitz@example.org','1982-06-23 20:54:08','2011-06-12 10:06:52'),(38,'maritza90@example.net','2009-02-18 23:29:51','1995-11-01 00:24:19'),(39,'nader.leila@example.org','1972-07-21 11:58:08','1999-04-27 00:46:32'),(40,'lesley35@example.org','2011-03-05 15:48:35','2000-11-11 07:38:38'),(41,'wankunding@example.net','1985-06-16 06:19:12','2008-04-10 01:26:26'),(42,'hcorkery@example.org','1970-05-09 07:33:15','1999-07-07 19:58:09'),(43,'delta25@example.com','1974-11-09 09:32:02','1995-10-21 00:52:50'),(44,'wisozk.gunner@example.net','2014-05-25 09:13:14','1978-03-05 19:17:51'),(45,'rath.luis@example.com','1992-08-27 19:35:14','1984-08-24 20:22:13'),(46,'marge14@example.com','1982-02-25 19:03:34','2010-10-26 12:54:23'),(47,'aaron11@example.com','1994-02-18 11:43:31','1990-06-19 08:59:07'),(48,'ardella33@example.org','2000-05-19 16:15:40','1985-04-10 10:14:46'),(49,'madeline.vonrueden@example.org','1995-10-26 05:56:37','1981-10-05 16:32:49'),(50,'rowena80@example.com','2003-12-01 20:45:47','1976-05-19 11:23:40'),(51,'nyah.gaylord@example.org','2015-11-03 15:45:25','2005-11-16 17:20:08'),(52,'fahey.tara@example.org','1970-03-19 00:10:42','2012-04-18 08:14:16'),(53,'wcorwin@example.com','1991-09-01 12:26:28','2006-08-07 05:10:53'),(54,'marquise80@example.com','2012-12-25 22:11:42','2016-10-20 02:48:41'),(55,'howe.darien@example.org','1992-08-30 00:26:30','2002-10-09 15:24:02'),(56,'heller.reymundo@example.com','1990-01-01 00:46:31','2006-02-07 01:08:16'),(57,'llegros@example.org','1978-09-25 13:46:39','2001-01-20 15:19:50'),(58,'ziemann.mustafa@example.org','2012-10-20 18:56:34','2016-02-10 00:16:47'),(59,'bednar.peggie@example.com','2021-01-13 01:03:42','2013-07-02 16:52:21'),(60,'duane.haley@example.com','1988-06-21 09:32:05','2014-07-15 11:21:38'),(61,'block.garret@example.net','1976-12-16 21:00:02','1970-01-08 22:18:44'),(62,'gcollins@example.net','2013-02-11 20:20:08','1978-03-07 20:02:27'),(63,'harris.stefan@example.org','1979-08-30 17:08:46','2019-10-30 01:38:59'),(64,'mitchel69@example.net','1984-09-27 20:13:23','2011-03-15 04:32:58'),(65,'fgrady@example.org','1993-09-30 00:24:56','1978-07-12 09:13:11'),(66,'rowe.joyce@example.com','2005-02-16 14:04:35','1986-11-02 17:10:08'),(67,'shields.shaina@example.com','1999-12-28 18:29:27','1973-02-15 16:19:33'),(68,'hkuhn@example.org','1999-05-31 08:36:49','2018-04-27 22:55:53'),(69,'lblock@example.net','2012-07-16 08:00:05','2010-03-30 22:11:09'),(70,'deontae62@example.org','1973-09-11 14:39:20','2005-09-03 18:47:04'),(71,'qreynolds@example.org','2009-11-07 10:21:26','1993-08-17 08:11:26'),(72,'langworth.georgette@example.com','1993-08-18 18:47:50','2015-10-05 10:14:35'),(73,'katelynn.konopelski@example.com','2003-05-08 00:15:10','2008-11-23 08:49:39'),(74,'jenkins.violet@example.org','1979-07-10 23:24:56','1977-03-15 18:14:07'),(75,'kirsten81@example.com','2006-05-10 20:03:01','1983-04-29 11:26:44'),(76,'keebler.al@example.net','2002-04-11 17:57:06','1976-02-06 20:56:21'),(77,'eveline45@example.com','1996-02-29 04:40:01','2002-04-30 17:24:56'),(78,'ysteuber@example.org','2019-07-29 03:37:03','1981-09-15 06:07:43'),(79,'benton.feeney@example.org','1989-07-26 18:03:17','1976-10-10 20:19:24'),(80,'josiane.schaden@example.org','2008-01-07 04:59:10','1975-11-02 22:10:36'),(81,'dledner@example.org','1993-04-07 21:20:27','1993-02-12 04:58:29'),(82,'ryan.morton@example.net','2005-05-11 07:41:54','2012-10-10 07:05:12'),(83,'qchristiansen@example.com','2015-10-07 06:58:57','2010-10-15 18:06:20'),(84,'toni04@example.com','2002-01-15 03:11:33','1998-03-02 14:59:59'),(85,'maryjane.weissnat@example.net','1989-07-19 13:55:26','1971-03-05 10:37:54'),(86,'hessel.mohamed@example.org','1991-11-24 10:52:27','2000-04-16 04:39:39'),(87,'kuhic.nicolas@example.org','1971-01-14 03:09:05','1981-10-02 13:17:11'),(88,'kautzer.ora@example.net','2002-03-25 16:38:58','2014-08-27 03:24:44'),(89,'nitzsche.ben@example.com','1977-06-04 09:30:32','1993-04-03 00:19:59'),(90,'kurtis.langosh@example.net','2006-07-06 20:11:38','1971-10-16 05:56:37'),(91,'dubuque.anissa@example.com','2002-08-12 23:53:37','1970-02-15 23:31:55'),(92,'slowe@example.org','2015-08-22 23:28:38','1993-01-07 09:43:17'),(93,'rbosco@example.com','1993-07-01 14:13:38','2015-07-18 01:21:55'),(94,'farrell.kenny@example.org','2013-12-13 23:18:38','1976-03-23 22:23:37'),(95,'ruben78@example.com','2010-07-31 21:56:45','2017-02-11 16:41:24'),(96,'meggie.becker@example.net','1994-10-27 21:22:16','1987-07-15 08:49:50'),(97,'celia85@example.org','2008-07-09 14:25:54','1999-05-30 15:10:59'),(98,'marcia.armstrong@example.org','1986-05-20 04:59:53','2003-01-11 06:21:59'),(99,'collins.daryl@example.org','2016-09-26 21:09:13','1983-08-05 12:43:21'),(100,'uschimmel@example.com','2006-04-12 22:05:27','1999-01-09 19:04:02');
/*!40000 ALTER TABLE `users` ENABLE KEYS */;
UNLOCK TABLES;
/*!40103 SET TIME_ZONE=@OLD_TIME_ZONE */;

/*!40101 SET SQL_MODE=@OLD_SQL_MODE */;
/*!40014 SET FOREIGN_KEY_CHECKS=@OLD_FOREIGN_KEY_CHECKS */;
/*!40014 SET UNIQUE_CHECKS=@OLD_UNIQUE_CHECKS */;
/*!40101 SET CHARACTER_SET_CLIENT=@OLD_CHARACTER_SET_CLIENT */;
/*!40101 SET CHARACTER_SET_RESULTS=@OLD_CHARACTER_SET_RESULTS */;
/*!40101 SET COLLATION_CONNECTION=@OLD_COLLATION_CONNECTION */;
/*!40111 SET SQL_NOTES=@OLD_SQL_NOTES */;

-- Dump completed on 2021-04-17 13:33:53
